P@1,HR@1,R@1,NDCG@1,P@2,HR@2,R@2,NDCG@2,P@3,HR@3,R@3,NDCG@3,P@4,HR@4,R@4,NDCG@4,P@5,HR@5,R@5,NDCG@5,P@6,HR@6,R@6,NDCG@6,P@7,HR@7,R@7,NDCG@7,P@8,HR@8,R@8,NDCG@8,P@9,HR@9,R@9,NDCG@9,P@10,HR@10,R@10,NDCG@10,P@11,HR@11,R@11,NDCG@11,P@12,HR@12,R@12,NDCG@12,P@13,HR@13,R@13,NDCG@13,P@14,HR@14,R@14,NDCG@14,P@15,HR@15,R@15,NDCG@15,P@16,HR@16,R@16,NDCG@16,P@17,HR@17,R@17,NDCG@17,P@18,HR@18,R@18,NDCG@18,P@19,HR@19,R@19,NDCG@19,P@20,HR@20,R@20,NDCG@20,method
0.0,0.0,0.0,0.0,0.5,1.0,0.03125,0.38685280723454163,0.3333333333333333,1.0,0.03125,0.2960819109658652,0.25,1.0,0.03125,0.24630238874073,0.2,1.0,0.03125,0.21398626473452756,0.16666666666666666,1.0,0.03125,0.19092086617893467,0.14285714285714285,1.0,0.03125,0.17342765698823945,0.125,1.0,0.03125,0.15958907712489634,0.1111111111111111,1.0,0.03125,0.1482972305701491,0.1,1.0,0.03125,0.13886244387355454,0.09090909090909091,1.0,0.03125,0.13083036905940468,0.16666666666666666,1.0,0.0625,0.17695147022320376,0.15384615384615385,1.0,0.0625,0.1682730692830633,0.14285714285714285,1.0,0.0625,0.16059740160791225,0.13333333333333333,1.0,0.0625,0.153747552321437,0.125,1.0,0.0625,0.14758731140792106,0.11764705882352941,1.0,0.0625,0.14200988763253242,0.1111111111111111,1.0,0.0625,0.13693022250343376,0.10526315789473684,1.0,0.0625,0.13227962230790932,0.1,1.0,0.0625,0.12800192536872637,rrf_only
1.0,1.0,0.0625,1.0,0.5,1.0,0.0625,0.6131471927654584,0.3333333333333333,1.0,0.0625,0.46927872602275644,0.25,1.0,0.0625,0.3903800499921017,0.2,1.0,0.0625,0.3391602052736161,0.16666666666666666,1.0,0.0625,0.30260241349881345,0.14285714285714285,1.0,0.0625,0.27487633291429087,0.125,1.0,0.0625,0.2529427027676571,0.1111111111111111,1.0,0.0625,0.23504554941448536,0.1,1.0,0.0625,0.22009176629808017,0.09090909090909091,1.0,0.0625,0.2073612289146658,0.08333333333333333,1.0,0.0625,0.19635793579928928,0.07692307692307693,1.0,0.0625,0.18672776492534796,0.07142857142857142,1.0,0.0625,0.17821029819465137,0.06666666666666667,1.0,0.0625,0.17060921827860473,0.0625,1.0,0.0625,0.1637733768567814,0.058823529411764705,1.0,0.0625,0.1637733768567814,0.05555555555555555,1.0,0.0625,0.1637733768567814,0.05263157894736842,1.0,0.0625,0.1637733768567814,0.05,1.0,0.0625,0.1637733768567814,rrf_only
1.0,1.0,0.015384615384615385,1.0,1.0,1.0,0.03076923076923077,1.0,0.6666666666666666,1.0,0.03076923076923077,0.7653606369886217,0.5,1.0,0.03076923076923077,0.6366824387328317,0.4,1.0,0.03076923076923077,0.5531464700081437,0.5,1.0,0.046153846153846156,0.601312434202259,0.42857142857142855,1.0,0.046153846153846156,0.546216915252498,0.375,1.0,0.046153846153846156,0.5026317885449211,0.3333333333333333,1.0,0.046153846153846156,0.4670676939838279,0.3,1.0,0.046153846153846156,0.43735247915031,0.2727272727272727,1.0,0.046153846153846156,0.41205515804102627,0.25,1.0,0.046153846153846156,0.3901901078223374,0.23076923076923078,1.0,0.046153846153846156,0.371053639533673,0.2857142857142857,1.0,0.06153846153846154,0.39974262267876853,0.26666666666666666,1.0,0.06153846153846154,0.38269267858680256,0.25,1.0,0.06153846153846154,0.3673592371086274,0.23529411764705882,1.0,0.06153846153846154,0.353476484427435,0.2222222222222222,1.0,0.06153846153846154,0.34083270164698093,0.2631578947368421,1.0,0.07692307692307693,0.36322018857688043,0.25,1.0,0.07692307692307693,0.35147426836773366,rrf_only
0.0,0.0,0.0,0.0,0.0,0.0,0.0,0.0,0.0,0.0,0.0,0.0,0.0,0.0,0.0,0.0,0.0,0.0,0.0,0.0,0.0,0.0,0.0,0.0,0.14285714285714285,1.0,0.029411764705882353,0.09162544430476362,0.125,1.0,0.029411764705882353,0.0843142342558857,0.2222222222222222,1.0,0.058823529411764705,0.1491042771925757,0.2,1.0,0.058823529411764705,0.13961814555374907,0.18181818181818182,1.0,0.058823529411764705,0.13154235947928158,0.16666666666666666,1.0,0.058823529411764705,0.12456227382867811,0.15384615384615385,1.0,0.058823529411764705,0.11845324657427171,0.14285714285714285,1.0,0.058823529411764705,0.11305007802436315,0.13333333333333333,1.0,0.058823529411764705,0.10822823166484517,0.125,1.0,0.058823529411764705,0.10389182454399959,0.11764705882352941,1.0,0.058823529411764705,0.09996568260976071,0.1111111111111111,1.0,0.058823529411764705,0.09638993024121213,0.10526315789473684,1.0,0.058823529411764705,0.09311621155273833,0.1,1.0,0.058823529411764705,0.09010499239291735,rrf_only
0.0,0.0,0.0,0.0,0.5,1.0,0.020833333333333332,0.38685280723454163,0.6666666666666666,1.0,0.041666666666666664,0.5307212739772434,0.75,1.0,0.0625,0.6096199500078984,0.8,1.0,0.08333333333333333,0.6608397947263839,0.8333333333333334,1.0,0.10416666666666667,0.6973975865011866,0.7142857142857143,1.0,0.10416666666666667,0.6334982227809455,0.75,1.0,0.125,0.6627430629764571,0.6666666666666666,1.0,0.125,0.6158501733929389,0.7,1.0,0.14583333333333334,0.6402900881481708,0.7272727272727273,1.0,0.16666666666666666,0.6610964116060527,0.75,1.0,0.1875,0.6790797903720326,0.6923076923076923,1.0,0.1875,0.6457750278642033,0.7142857142857143,1.0,0.20833333333333334,0.6619327718213208,0.6666666666666666,1.0,0.20833333333333334,0.6336998136329643,0.625,1.0,0.20833333333333334,0.608309207669575,0.6470588235294118,1.0,0.22916666666666666,0.6231114661896613,0.6111111111111112,1.0,0.22916666666666666,0.6008228943225002,0.5789473684210527,1.0,0.22916666666666666,0.5804169750248689,0.6,1.0,0.25,0.5939855730474075,rrf_only
0.0,0.0,0.0,0.0,0.0,0.0,0.0,0.0,0.3333333333333333,1.0,0.047619047619047616,0.23463936301137822,0.25,1.0,0.047619047619047616,0.19519002499605084,0.2,1.0,0.047619047619047616,0.16958010263680806,0.16666666666666666,1.0,0.047619047619047616,0.15130120674940672,0.14285714285714285,1.0,0.047619047619047616,0.13743816645714543,0.25,1.0,0.09523809523809523,0.20626588994627673,0.2222222222222222,1.0,0.09523809523809523,0.19167138999231723,0.2,1.0,0.09523809523809523,0.17947710508581735,0.18181818181818182,1.0,0.09523809523809523,0.16909579898703525,0.16666666666666666,1.0,0.09523809523809523,0.16012299992246748,0.15384615384615385,1.0,0.09523809523809523,0.1522699338173234,0.21428571428571427,1.0,0.14285714285714285,0.19093859478592054,0.26666666666666666,1.0,0.19047619047619047,0.22544692825666143,0.25,1.0,0.19047619047619047,0.21641389085018864,0.23529411764705882,1.0,0.19047619047619047,0.20823546434022902,0.2222222222222222,1.0,0.19047619047619047,0.20078692364714837,0.21052631578947367,1.0,0.19047619047619047,0.19396754010054848,0.2,1.0,0.19047619047619047,0.18769496131545355,rrf_only
0.0,0.0,0.0,0.0,0.5,1.0,0.058823529411764705,0.38685280723454163,0.3333333333333333,1.0,0.058823529411764705,0.2960819109658652,0.25,1.0,0.058823529411764705,0.24630238874073,0.4,1.0,0.11764705882352941,0.34519134224686937,0.3333333333333333,1.0,0.11764705882352941,0.3079834593168982,0.42857142857142855,1.0,0.17647058823529413,0.3713897823232329,0.375,1.0,0.17647058823529413,0.34175490601594244,0.4444444444444444,1.0,0.23529411764705882,0.38832953838170364,0.5,1.0,0.29411764705882354,0.42724449526787633,0.5454545454545454,1.0,0.35294117647058826,0.46037379168450593,0.5,1.0,0.35294117647058826,0.4359447901828485,0.5384615384615384,1.0,0.4117647058823529,0.4636082916897514,0.5,1.0,0.4117647058823529,0.4424610980620591,0.4666666666666667,1.0,0.4117647058823529,0.4235891125472938,0.4375,1.0,0.4117647058823529,0.40661706361230787,0.47058823529411764,1.0,0.47058823529411764,0.42904140392819917,0.5,1.0,0.5294117647058824,0.46613814587624713,0.47368421052631576,1.0,0.5294117647058824,0.46613814587624713,0.45,1.0,0.5294117647058824,0.46613814587624713,rrf_only
1.0,1.0,0.023809523809523808,1.0,0.5,1.0,0.023809523809523808,0.6131471927654584,0.3333333333333333,1.0,0.023809523809523808,0.46927872602275644,0.5,1.0,0.047619047619047616,0.5585075862632192,0.6,1.0,0.07142857142857142,0.6164336326286644,0.5,1.0,0.07142857142857142,0.5499887725471476,0.42857142857142855,1.0,0.07142857142857142,0.49959580689988364,0.375,1.0,0.07142857142857142,0.45973079002057343,0.3333333333333333,1.0,0.07142857142857142,0.4272021882457644,0.3,1.0,0.07142857142857142,0.40002324830925196,0.2727272727272727,1.0,0.07142857142857142,0.3768851227787459,0.25,1.0,0.07142857142857142,0.35688631442645846,0.23076923076923078,1.0,0.07142857142857142,0.3393831960701369,0.21428571428571427,1.0,0.07142857142857142,0.3239024501690625,0.2,1.0,0.07142857142857142,0.31008726421359534,0.1875,1.0,0.07142857142857142,0.2976629216928431,0.17647058823529413,1.0,0.07142857142857142,0.28641403965370454,0.2222222222222222,1.0,0.09523809523809523,0.31193886598667797,0.21052631578947367,1.0,0.09523809523809523,0.30134439732499935,0.2,1.0,0.09523809523809523,0.29159943446838854,rrf_only
1.0,1.0,0.0625,1.0,1.0,1.0,0.125,1.0,0.6666666666666666,1.0,0.125,0.7653606369886217,0.75,1.0,0.1875,0.8048099750039491,0.8,1.0,0.25,0.830419897363192,0.8333333333333334,1.0,0.3125,0.8486987932505933,0.7142857142857143,1.0,0.3125,0.7709363892380909,0.625,1.0,0.3125,0.7094198757978375,0.5555555555555556,1.0,0.3125,0.659224332815107,0.5,1.0,0.3125,0.6172839611614819,0.45454545454545453,1.0,0.3125,0.5815790519051064,0.4166666666666667,1.0,0.3125,0.5507184864495066,0.38461538461538464,1.0,0.3125,0.523709070678462,0.35714285714285715,1.0,0.3125,0.49982041872650845,0.3333333333333333,1.0,0.3125,0.4785019259968548,0.3125,1.0,0.3125,0.4593296718879938,0.29411764705882354,1.0,0.3125,0.4593296718879938,0.2777777777777778,1.0,0.3125,0.4593296718879938,0.2631578947368421,1.0,0.3125,0.4593296718879938,0.25,1.0,0.3125,0.4593296718879938,rrf_only
1.0,1.0,0.05,1.0,1.0,1.0,0.1,1.0,0.6666666666666666,1.0,0.1,0.7653606369886217,0.5,1.0,0.1,0.6366824387328317,0.6,1.0,0.15,0.6843515475204855,0.5,1.0,0.15,0.6105858728157117,0.5714285714285714,1.0,0.2,0.6462661152375239,0.5,1.0,0.2,0.5946976087835997,0.4444444444444444,1.0,0.2,0.5526193270751085,0.4,1.0,0.2,0.5174612499126158,0.36363636363636365,1.0,0.2,0.4875302811295354,0.3333333333333333,1.0,0.2,0.46166026379809977,0.3076923076923077,1.0,0.2,0.4390186159930986,0.2857142857142857,1.0,0.2,0.4189930645847549,0.26666666666666666,1.0,0.2,0.40112204478151436,0.25,1.0,0.2,0.3850501893648495,0.23529411764705882,1.0,0.2,0.3704988836977544,0.2222222222222222,1.0,0.2,0.3572462131178058,0.21052631578947367,1.0,0.2,0.3451129581051342,0.2,1.0,0.2,0.3339525947868725,rrf_only
1.0,1.0,0.016129032258064516,1.0,1.0,1.0,0.03225806451612903,1.0,0.6666666666666666,1.0,0.03225806451612903,0.7653606369886217,0.5,1.0,0.03225806451612903,0.6366824387328317,0.6,1.0,0.04838709677419355,0.6843515475204855,0.5,1.0,0.04838709677419355,0.6105858728157117,0.5714285714285714,1.0,0.06451612903225806,0.6462661152375239,0.625,1.0,0.08064516129032258,0.6744921473460479,0.5555555555555556,1.0,0.08064516129032258,0.6267679423601831,0.5,1.0,0.08064516129032258,0.5868924718493931,0.45454545454545453,1.0,0.08064516129032258,0.5529454656592377,0.5,1.0,0.0967741935483871,0.5766677019984807,0.46153846153846156,1.0,0.0967741935483871,0.5483856339215125,0.42857142857142855,1.0,0.0967741935483871,0.5233713764307435,0.4,1.0,0.0967741935483871,0.5010483810801818,0.4375,1.0,0.11290322580645161,0.5210399980544074,0.4117647058823529,1.0,0.11290322580645161,0.5013495460409212,0.3888888888888889,1.0,0.11290322580645161,0.48341637357687867,0.3684210526315789,1.0,0.11290322580645161,0.46699796542436167,0.4,1.0,0.12903225806451613,0.4842343404011155,rrf_only
0.0,0.0,0.0,0.0,0.0,0.0,0.0,0.0,0.0,0.0,0.0,0.0,0.0,0.0,0.0,0.0,0.0,0.0,0.0,0.0,0.0,0.0,0.0,0.0,0.0,0.0,0.0,0.0,0.125,1.0,0.05,0.07979453856244817,0.1111111111111111,1.0,0.05,0.07414861528507455,0.1,1.0,0.05,0.06943122193677727,0.09090909090909091,1.0,0.05,0.06541518452970234,0.08333333333333333,1.0,0.05,0.06194403202282284,0.07692307692307693,1.0,0.05,0.05890605135464942,0.07142857142857142,1.0,0.05,0.05621908976192367,0.06666666666666667,1.0,0.05,0.05382121602276955,0.0625,1.0,0.05,0.05166474815090726,0.058823529411764705,1.0,0.05,0.049712302565054066,0.05555555555555555,1.0,0.05,0.047934103497110726,0.05263157894736842,1.0,0.05,0.04630610387058298,0.05,1.0,0.05,0.044808643601671735,rrf_only
0.0,0.0,0.0,0.0,0.0,0.0,0.0,0.0,0.0,0.0,0.0,0.0,0.0,0.0,0.0,0.0,0.0,0.0,0.0,0.0,0.0,0.0,0.0,0.0,0.0,0.0,0.0,0.0,0.125,1.0,0.02857142857142857,0.07979453856244817,0.1111111111111111,1.0,0.02857142857142857,0.07414861528507455,0.1,1.0,0.02857142857142857,0.06943122193677727,0.09090909090909091,1.0,0.02857142857142857,0.06541518452970234,0.08333333333333333,1.0,0.02857142857142857,0.06194403202282284,0.07692307692307693,1.0,0.02857142857142857,0.05890605135464942,0.07142857142857142,1.0,0.02857142857142857,0.05621908976192367,0.06666666666666667,1.0,0.02857142857142857,0.05382121602276955,0.125,1.0,0.05714285714285714,0.09173199358345135,0.11764705882352941,1.0,0.05714285714285714,0.08826537984074258,0.1111111111111111,1.0,0.05714285714285714,0.08510814494986053,0.10526315789473684,1.0,0.05714285714285714,0.08221759275248412,0.1,1.0,0.05714285714285714,0.0795588163005403,rrf_only
0.0,0.0,0.0,0.0,0.0,0.0,0.0,0.0,0.3333333333333333,1.0,0.02564102564102564,0.23463936301137822,0.5,1.0,0.05128205128205128,0.36331756126716835,0.6,1.0,0.07692307692307693,0.4468535299918563,0.6666666666666666,1.0,0.10256410256410256,0.5064767203222518,0.5714285714285714,1.0,0.10256410256410256,0.460070565792706,0.5,1.0,0.10256410256410256,0.42335944728911257,0.5555555555555556,1.0,0.1282051282051282,0.4641600882587958,0.6,1.0,0.15384615384615385,0.498250645792228,0.6363636363636364,1.0,0.1794871794871795,0.5272728078580052,0.5833333333333334,1.0,0.1794871794871795,0.49929391668825435,0.5384615384615384,1.0,0.1794871794871795,0.4748065654923129,0.5,1.0,0.1794871794871795,0.4531485698176263,0.4666666666666667,1.0,0.1794871794871795,0.43382073900246304,0.4375,1.0,0.1794871794871795,0.4164387369791237,0.4117647058823529,1.0,0.1794871794871795,0.400701236983609,0.3888888888888889,1.0,0.1794871794871795,0.3863682342988998,0.3684210526315789,1.0,0.1794871794871795,0.373245899776075,0.35,1.0,0.1794871794871795,0.3611757651991997,rrf_only
0.0,0.0,0.0,0.0,0.0,0.0,0.0,0.0,0.0,0.0,0.0,0.0,0.0,0.0,0.0,0.0,0.0,0.0,0.0,0.0,0.0,0.0,0.0,0.0,0.0,0.0,0.0,0.0,0.0,0.0,0.0,0.0,0.0,0.0,0.0,0.0,0.0,0.0,0.0,0.0,0.0,0.0,0.0,0.0,0.0,0.0,0.0,0.0,0.0,0.0,0.0,0.0,0.0,0.0,0.0,0.0,0.0,0.0,0.0,0.0,0.0,0.0,0.0,0.0,0.0,0.0,0.0,0.0,0.0,0.0,0.0,0.0,0.0,0.0,0.0,0.0,0.0,0.0,0.0,0.0,rrf_only
0.0,0.0,0.0,0.0,0.0,0.0,0.0,0.0,0.3333333333333333,1.0,0.041666666666666664,0.23463936301137822,0.5,1.0,0.08333333333333333,0.36331756126716835,0.6,1.0,0.125,0.4468535299918563,0.5,1.0,0.125,0.3986875657977409,0.42857142857142855,1.0,0.125,0.3621576404427382,0.375,1.0,0.125,0.3332594386367449,0.3333333333333333,1.0,0.125,0.3096794135385217,0.3,1.0,0.125,0.28997736516021183,0.2727272727272727,1.0,0.125,0.273204508321413,0.3333333333333333,1.0,0.16666666666666666,0.3117707527043719,0.3076923076923077,1.0,0.16666666666666666,0.2964802801812274,0.2857142857142857,1.0,0.16666666666666666,0.2829565231558017,0.26666666666666666,1.0,0.16666666666666666,0.2708877753501909,0.25,1.0,0.16666666666666666,0.26003404837055893,0.23529411764705882,1.0,0.16666666666666666,0.250207186766014,0.2222222222222222,1.0,0.16666666666666666,0.2412573260003046,0.21052631578947367,1.0,0.16666666666666666,0.23306343463756632,0.25,1.0,0.20833333333333334,0.25786485258054914,rrf_only
0.0,0.0,0.0,0.0,0.0,0.0,0.0,0.0,0.0,0.0,0.0,0.0,0.0,0.0,0.0,0.0,0.0,0.0,0.0,0.0,0.16666666666666666,1.0,0.038461538461538464,0.10778915452451093,0.2857142857142857,1.0,0.07692307692307693,0.18953836965473142,0.25,1.0,0.07692307692307693,0.1744142429082534,0.3333333333333333,1.0,0.11538461538461539,0.23282919119176917,0.3,1.0,0.11538461538461539,0.2180164145324244,0.2727272727272727,1.0,0.11538461538461539,0.20540591954623735,0.25,1.0,0.11538461538461539,0.19450638180608054,0.3076923076923077,1.0,0.15384615384615385,0.23401097910947494,0.2857142857142857,1.0,0.15384615384615385,0.22333671901762653,0.3333333333333333,1.0,0.19230769230769232,0.2564631978261513,0.3125,1.0,0.19230769230769232,0.2461874239344358,0.29411764705882354,1.0,0.19230769230769232,0.23688383558151516,0.2777777777777778,1.0,0.19230769230769232,0.2284105484089753,0.2631578947368421,1.0,0.19230769230769232,0.22065297581711021,0.25,1.0,0.19230769230769232,0.21351743564239337,rrf_only
1.0,1.0,0.058823529411764705,1.0,1.0,1.0,0.11764705882352941,1.0,0.6666666666666666,1.0,0.11764705882352941,0.7653606369886217,0.75,1.0,0.17647058823529413,0.8048099750039491,0.6,1.0,0.17647058823529413,0.6992148198508501,0.6666666666666666,1.0,0.23529411764705882,0.7316362001126298,0.5714285714285714,1.0,0.23529411764705882,0.6645997082078611,0.5,1.0,0.23529411764705882,0.611568281162677,0.4444444444444444,1.0,0.23529411764705882,0.5682963021961281,0.4,1.0,0.23529411764705882,0.5321408435198608,0.45454545454545453,1.0,0.29411764705882354,0.5592027303951587,0.4166666666666667,1.0,0.29411764705882354,0.5295295287766009,0.46153846153846156,1.0,0.35294117647058826,0.5526032640477649,0.5,1.0,0.4117647058823529,0.5730109780019211,0.4666666666666667,1.0,0.4117647058823529,0.5485707392464295,0.4375,1.0,0.4117647058823529,0.5265910207999307,0.4117647058823529,1.0,0.4117647058823529,0.506690791902895,0.3888888888888889,1.0,0.4117647058823529,0.506690791902895,0.3684210526315789,1.0,0.4117647058823529,0.506690791902895,0.35,1.0,0.4117647058823529,0.506690791902895,rrf_only
0.0,0.0,0.0,0.0,0.0,0.0,0.0,0.0,0.0,0.0,0.0,0.0,0.0,0.0,0.0,0.0,0.0,0.0,0.0,0.0,0.0,0.0,0.0,0.0,0.0,0.0,0.0,0.0,0.0,0.0,0.0,0.0,0.0,0.0,0.0,0.0,0.0,0.0,0.0,0.0,0.0,0.0,0.0,0.0,0.0,0.0,0.0,0.0,0.0,0.0,0.0,0.0,0.0,0.0,0.0,0.0,0.0,0.0,0.0,0.0,0.0,0.0,0.0,0.0,0.0,0.0,0.0,0.0,0.0,0.0,0.0,0.0,0.0,0.0,0.0,0.0,0.0,0.0,0.0,0.0,rrf_only
1.0,1.0,0.024390243902439025,1.0,0.5,1.0,0.024390243902439025,0.6131471927654584,0.6666666666666666,1.0,0.04878048780487805,0.7039180890341347,0.75,1.0,0.07317073170731707,0.75369761125927,0.6,1.0,0.07317073170731707,0.6548086577531307,0.6666666666666666,1.0,0.0975609756097561,0.6920165406831017,0.7142857142857143,1.0,0.12195121951219512,0.7202356619815307,0.625,1.0,0.12195121951219512,0.662764789677495,0.5555555555555556,1.0,0.12195121951219512,0.6158703628047169,0.6,1.0,0.14634146341463414,0.6403089930936581,0.5454545454545454,1.0,0.14634146341463414,0.6032722710452952,0.5833333333333334,1.0,0.17073170731707318,0.624323995668719,0.5384615384615384,1.0,0.17073170731707318,0.5937046742009215,0.5714285714285714,1.0,0.1951219512195122,0.6122375738032636,0.5333333333333333,1.0,0.1951219512195122,0.5861242303364225,0.5625,1.0,0.21951219512195122,0.6027070923781161,0.5294117647058824,1.0,0.21951219512195122,0.579930385935284,0.5,1.0,0.21951219512195122,0.5591863926271353,0.47368421052631576,1.0,0.21951219512195122,0.5401945857101406,0.45,1.0,0.21951219512195122,0.5227256159207,rrf_only
1.0,1.0,0.03333333333333333,1.0,0.5,1.0,0.03333333333333333,0.6131471927654584,0.3333333333333333,1.0,0.03333333333333333,0.46927872602275644,0.25,1.0,0.03333333333333333,0.3903800499921017,0.2,1.0,0.03333333333333333,0.3391602052736161,0.16666666666666666,1.0,0.03333333333333333,0.30260241349881345,0.14285714285714285,1.0,0.03333333333333333,0.27487633291429087,0.125,1.0,0.03333333333333333,0.2529427027676571,0.1111111111111111,1.0,0.03333333333333333,0.23504554941448536,0.1,1.0,0.03333333333333333,0.22009176629808017,0.09090909090909091,1.0,0.03333333333333333,0.2073612289146658,0.08333333333333333,1.0,0.03333333333333333,0.19635793579928928,0.07692307692307693,1.0,0.03333333333333333,0.18672776492534796,0.07142857142857142,1.0,0.03333333333333333,0.17821029819465137,0.13333333333333333,1.0,0.06666666666666667,0.21326152284825592,0.125,1.0,0.06666666666666667,0.20471672107097674,0.11764705882352941,1.0,0.06666666666666667,0.19698033847528706,0.1111111111111111,1.0,0.06666666666666667,0.18993439137151832,0.10526315789473684,1.0,0.06666666666666667,0.18348359547343202,0.1,1.0,0.06666666666666667,0.17755004954207163,rrf_only
1.0,1.0,0.02631578947368421,1.0,0.5,1.0,0.02631578947368421,0.6131471927654584,0.3333333333333333,1.0,0.02631578947368421,0.46927872602275644,0.5,1.0,0.05263157894736842,0.5585075862632192,0.4,1.0,0.05263157894736842,0.48522855511632257,0.3333333333333333,1.0,0.05263157894736842,0.4329261794091841,0.2857142857142857,1.0,0.05263157894736842,0.3932591258696538,0.25,1.0,0.05263157894736842,0.361879195385413,0.2222222222222222,1.0,0.05263157894736842,0.33627415762678553,0.2,1.0,0.05263157894736842,0.31488013066763093,0.18181818181818182,1.0,0.05263157894736842,0.29666684926150305,0.16666666666666666,1.0,0.05263157894736842,0.2809246957397235,0.15384615384615385,1.0,0.05263157894736842,0.26714703602013445,0.14285714285714285,1.0,0.05263157894736842,0.25496129603435685,0.13333333333333333,1.0,0.05263157894736842,0.24408660918242644,0.125,1.0,0.05263157894736842,0.2343067311055167,0.17647058823529413,1.0,0.07894736842105263,0.26324279479451174,0.16666666666666666,1.0,0.07894736842105263,0.25382665295047135,0.15789473684210525,1.0,0.07894736842105263,0.24520586595210678,0.15,1.0,0.07894736842105263,0.23727632726767167,rrf_only
0.0,0.0,0.0,0.0,0.0,0.0,0.0,0.0,0.0,0.0,0.0,0.0,0.0,0.0,0.0,0.0,0.2,1.0,0.05,0.13120507751234178,0.16666666666666666,1.0,0.05,0.11706259313796354,0.14285714285714285,1.0,0.05,0.10633668103022985,0.125,1.0,0.05,0.09785159463516042,0.1111111111111111,1.0,0.05,0.09092803061897883,0.1,1.0,0.05,0.08514311764162098,0.09090909090909091,1.0,0.05,0.08021827351724287,0.08333333333333333,1.0,0.05,0.07596161868673496,0.07692307692307693,1.0,0.05,0.07223616005000244,0.14285714285714285,1.0,0.1,0.11455551006137682,0.13333333333333333,1.0,0.1,0.10966945355610724,0.125,1.0,0.1,0.1052753006440217,0.11764705882352941,1.0,0.1,0.1012968762173427,0.1111111111111111,1.0,0.1,0.0976735073210914,0.10526315789473684,1.0,0.1,0.09435619413821364,0.1,1.0,0.1,0.0913048760605247,rrf_only
1.0,1.0,0.03333333333333333,1.0,0.5,1.0,0.03333333333333333,0.6131471927654584,0.3333333333333333,1.0,0.03333333333333333,0.46927872602275644,0.25,1.0,0.03333333333333333,0.3903800499921017,0.2,1.0,0.03333333333333333,0.3391602052736161,0.3333333333333333,1.0,0.06666666666666667,0.4103915680233244,0.2857142857142857,1.0,0.06666666666666667,0.3727892582642586,0.25,1.0,0.06666666666666667,0.3430427114200248,0.2222222222222222,1.0,0.06666666666666667,0.3187704634136788,0.2,1.0,0.06666666666666667,0.2984900352767555,0.18181818181818182,1.0,0.06666666666666667,0.28122478898162157,0.16666666666666666,1.0,0.06666666666666667,0.2663020437766917,0.15384615384615385,1.0,0.06666666666666667,0.25324153682437417,0.14285714285714285,1.0,0.06666666666666667,0.24169008722824994,0.13333333333333333,1.0,0.06666666666666667,0.23138144801632507,0.125,1.0,0.06666666666666667,0.22211063075011753,0.11764705882352941,1.0,0.06666666666666667,0.21371692060732414,0.1111111111111111,1.0,0.06666666666666667,0.20607230932563284,0.10526315789473684,1.0,0.06666666666666667,0.19907341671799156,0.1,1.0,0.06666666666666667,0.19263572260827436,rrf_only
1.0,1.0,0.02857142857142857,1.0,1.0,1.0,0.05714285714285714,1.0,0.6666666666666666,1.0,0.05714285714285714,0.7653606369886217,0.5,1.0,0.05714285714285714,0.6366824387328317,0.6,1.0,0.08571428571428572,0.6843515475204855,0.5,1.0,0.08571428571428572,0.6105858728157117,0.42857142857142855,1.0,0.08571428571428572,0.5546406709327603,0.375,1.0,0.08571428571428572,0.510383374527714,0.3333333333333333,1.0,0.08571428571428572,0.4742708106036133,0.3,1.0,0.08571428571428572,0.4440973278132557,0.36363636363636365,1.0,0.11428571428571428,0.4762518234986085,0.3333333333333333,1.0,0.11428571428571428,0.45098027954549913,0.3076923076923077,1.0,0.11428571428571428,0.4288624204677775,0.35714285714285715,1.0,0.14285714285714285,0.45491449330365785,0.3333333333333333,1.0,0.14285714285714285,0.4355113417821217,0.3125,1.0,0.14285714285714285,0.4180616019622808,0.29411764705882354,1.0,0.14285714285714285,0.402262772807403,0.2777777777777778,1.0,0.14285714285714285,0.3878739143002282,0.2631578947368421,1.0,0.14285714285714285,0.3747004419381408,0.3,1.0,0.17142857142857143,0.39492156110166093,rrf_only
1.0,1.0,0.024390243902439025,1.0,1.0,1.0,0.04878048780487805,1.0,0.6666666666666666,1.0,0.04878048780487805,0.7653606369886217,0.75,1.0,0.07317073170731707,0.8048099750039491,0.6,1.0,0.07317073170731707,0.6992148198508501,0.5,1.0,0.07317073170731707,0.6238470455881188,0.42857142857142855,1.0,0.07317073170731707,0.5666867828578932,0.5,1.0,0.0975609756097561,0.6012628110727576,0.4444444444444444,1.0,0.0975609756097561,0.5587200034820092,0.4,1.0,0.0975609756097561,0.5231737964779628,0.36363636363636365,1.0,0.0975609756097561,0.4929124028506101,0.4166666666666667,1.0,0.12195121951219512,0.5198201979857501,0.38461538461538464,1.0,0.12195121951219512,0.49432615665784724,0.35714285714285715,1.0,0.12195121951219512,0.4717777874041928,0.3333333333333333,1.0,0.12195121951219512,0.451655377526633,0.3125,1.0,0.12195121951219512,0.43355879066434505,0.29411764705882354,1.0,0.12195121951219512,0.417174312323951,0.3333333333333333,1.0,0.14634146341463414,0.4380218699932577,0.3684210526315789,1.0,0.17073170731707318,0.4571084934830009,0.35,1.0,0.17073170731707318,0.4423263859343778,rrf_only
1.0,1.0,0.030303030303030304,1.0,1.0,1.0,0.06060606060606061,1.0,0.6666666666666666,1.0,0.06060606060606061,0.7653606369886217,0.75,1.0,0.09090909090909091,0.8048099750039491,0.6,1.0,0.09090909090909091,0.6992148198508501,0.6666666666666666,1.0,0.12121212121212122,0.7316362001126298,0.5714285714285714,1.0,0.12121212121212122,0.6645997082078611,0.5,1.0,0.12121212121212122,0.611568281162677,0.4444444444444444,1.0,0.12121212121212122,0.5682963021961281,0.4,1.0,0.12121212121212122,0.5321408435198608,0.36363636363636365,1.0,0.12121212121212122,0.5013607783878635,0.3333333333333333,1.0,0.12121212121212122,0.47475686776277165,0.3076923076923077,1.0,0.12121212121212122,0.45147291062845957,0.2857142857142857,1.0,0.12121212121212122,0.4308792645918028,0.26666666666666666,1.0,0.12121212121212122,0.4125012709656859,0.25,1.0,0.12121212121212122,0.3959734813006674,0.23529411764705882,1.0,0.12121212121212122,0.3810093770835672,0.2222222222222222,1.0,0.12121212121212122,0.3673807482683746,0.21052631578947367,1.0,0.12121212121212122,0.3549032911483004,0.2,1.0,0.12121212121212122,0.3434263251896497,rrf_only
1.0,1.0,0.041666666666666664,1.0,0.5,1.0,0.041666666666666664,0.6131471927654584,0.3333333333333333,1.0,0.041666666666666664,0.46927872602275644,0.25,1.0,0.041666666666666664,0.3903800499921017,0.2,1.0,0.041666666666666664,0.3391602052736161,0.16666666666666666,1.0,0.041666666666666664,0.30260241349881345,0.14285714285714285,1.0,0.041666666666666664,0.27487633291429087,0.125,1.0,0.041666666666666664,0.2529427027676571,0.1111111111111111,1.0,0.041666666666666664,0.23504554941448536,0.2,1.0,0.08333333333333333,0.28371255449703187,0.18181818181818182,1.0,0.08333333333333333,0.26730206653594746,0.16666666666666666,1.0,0.08333333333333333,0.25311810840724985,0.15384615384615385,1.0,0.08333333333333333,0.24070419386222106,0.14285714285714285,1.0,0.08333333333333333,0.22972462709034727,0.13333333333333333,1.0,0.08333333333333333,0.21992634232854022,0.125,1.0,0.08333333333333333,0.2111144995933809,0.11764705882352941,1.0,0.08333333333333333,0.20313634064374775,0.1111111111111111,1.0,0.08333333333333333,0.195870194580096,0.10526315789473684,1.0,0.08333333333333333,0.18921779930491298,0.1,1.0,0.08333333333333333,0.18309881902054637,rrf_only
0.0,0.0,0.0,0.0,0.0,0.0,0.0,0.0,0.0,0.0,0.0,0.0,0.0,0.0,0.0,0.0,0.0,0.0,0.0,0.0,0.0,0.0,0.0,0.0,0.0,0.0,0.0,0.0,0.125,1.0,0.02857142857142857,0.07979453856244817,0.2222222222222222,1.0,0.05714285714285714,0.14490437600615513,0.2,1.0,0.05714285714285714,0.13568544539116628,0.18181818181818182,1.0,0.05714285714285714,0.127837134370762,0.16666666666666666,1.0,0.05714285714285714,0.12105366058507118,0.15384615384615385,1.0,0.05714285714285714,0.11511670962047181,0.14285714285714285,1.0,0.05714285714285714,0.10986573505473636,0.13333333333333333,1.0,0.05714285714285714,0.10517970826141314,0.125,1.0,0.05714285714285714,0.10096544707597972,0.11764705882352941,1.0,0.05714285714285714,0.09714989491473823,0.1111111111111111,1.0,0.05714285714285714,0.09367486270591797,0.15789473684210525,1.0,0.08571428571428572,0.12445664180222273,0.15,1.0,0.08571428571428572,0.1204319266842803,rrf_only
0.0,0.0,0.0,0.0,0.5,1.0,0.06666666666666667,0.38685280723454163,0.3333333333333333,1.0,0.06666666666666667,0.2960819109658652,0.5,1.0,0.13333333333333333,0.4144299250118475,0.4,1.0,0.13333333333333333,0.36005461457723403,0.3333333333333333,1.0,0.13333333333333333,0.3212446320893053,0.2857142857142857,1.0,0.13333333333333333,0.2918104499436024,0.25,1.0,0.13333333333333333,0.26852556974265224,0.2222222222222222,1.0,0.13333333333333333,0.24952583878244927,0.2,1.0,0.13333333333333333,0.23365080824310533,0.18181818181818182,1.0,0.13333333333333333,0.2201359894062419,0.16666666666666666,1.0,0.13333333333333333,0.20845482398607987,0.23076923076923078,1.0,0.2,0.2472753344402624,0.21428571428571427,1.0,0.2,0.23599602932321762,0.2,1.0,0.2,0.2259302548032954,0.1875,1.0,0.2,0.2259302548032954,0.17647058823529413,1.0,0.2,0.2259302548032954,0.16666666666666666,1.0,0.2,0.2259302548032954,0.15789473684210525,1.0,0.2,0.2259302548032954,0.15,1.0,0.2,0.2259302548032954,rrf_only
1.0,1.0,0.027777777777777776,1.0,0.5,1.0,0.027777777777777776,0.6131471927654584,0.3333333333333333,1.0,0.027777777777777776,0.46927872602275644,0.25,1.0,0.027777777777777776,0.3903800499921017,0.2,1.0,0.027777777777777776,0.3391602052736161,0.16666666666666666,1.0,0.027777777777777776,0.30260241349881345,0.14285714285714285,1.0,0.027777777777777776,0.27487633291429087,0.125,1.0,0.027777777777777776,0.2529427027676571,0.1111111111111111,1.0,0.027777777777777776,0.23504554941448536,0.1,1.0,0.027777777777777776,0.22009176629808017,0.18181818181818182,1.0,0.05555555555555555,0.26520318092196093,0.16666666666666666,1.0,0.05555555555555555,0.2511305968131185,0.15384615384615385,1.0,0.05555555555555555,0.23881415770847625,0.14285714285714285,1.0,0.05555555555555555,0.22792080371843365,0.13333333333333333,1.0,0.05555555555555555,0.21819945618047532,0.125,1.0,0.05555555555555555,0.20945680501644456,0.11764705882352941,1.0,0.05555555555555555,0.2015412914599522,0.1111111111111111,1.0,0.05555555555555555,0.19433219998491535,0.10526315789473684,1.0,0.05555555555555555,0.18773204005876115,0.1,1.0,0.05555555555555555,0.1816611066894729,rrf_only
1.0,1.0,0.025,1.0,1.0,1.0,0.05,1.0,1.0,1.0,0.075,1.0,1.0,1.0,0.1,1.0,1.0,1.0,0.125,1.0,1.0,1.0,0.15,1.0,1.0,1.0,0.175,1.0,0.875,1.0,0.175,0.9202054614375518,0.7777777777777778,1.0,0.175,0.8550956239938448,0.7,1.0,0.175,0.800693766409882,0.7272727272727273,1.0,0.2,0.8122220280079564,0.75,1.0,0.225,0.8221861668069683,0.7692307692307693,1.0,0.25,0.8309068614426551,0.7857142857142857,1.0,0.275,0.8386199360495677,0.8,1.0,0.3,0.8455031676886514,0.75,1.0,0.3,0.8116261847548767,0.7647058823529411,1.0,0.325,0.8187449579460552,0.7222222222222222,1.0,0.325,0.7894586154114726,0.6842105263157895,1.0,0.325,0.7626460073249052,0.7,1.0,0.35,0.7703216298452485,rrf_only
1.0,1.0,0.027777777777777776,1.0,0.5,1.0,0.027777777777777776,0.6131471927654584,0.6666666666666666,1.0,0.05555555555555555,0.7039180890341347,0.75,1.0,0.08333333333333333,0.75369761125927,0.8,1.0,0.1111111111111111,0.7860137352654724,0.8333333333333334,1.0,0.1388888888888889,0.8090791338210652,0.8571428571428571,1.0,0.16666666666666666,0.8265723430117605,0.75,1.0,0.16666666666666666,0.7606163843126554,0.6666666666666666,1.0,0.16666666666666666,0.7067983934236957,0.6,1.0,0.16666666666666666,0.6618313225363274,0.6363636363636364,1.0,0.19444444444444445,0.6813916589485516,0.5833333333333334,1.0,0.19444444444444445,0.6452346965837645,0.5384615384615384,1.0,0.19444444444444445,0.6135898315234147,0.5,1.0,0.19444444444444445,0.5856013265553195,0.4666666666666667,1.0,0.19444444444444445,0.5606240804186903,0.4375,1.0,0.19444444444444445,0.5381614177931602,0.4117647058823529,1.0,0.19444444444444445,0.517823935810713,0.3888888888888889,1.0,0.19444444444444445,0.4993014777368307,0.3684210526315789,1.0,0.19444444444444445,0.48234355926174527,0.35,1.0,0.19444444444444445,0.4667453928088221,rrf_only
1.0,1.0,0.02631578947368421,1.0,0.5,1.0,0.02631578947368421,0.6131471927654584,0.6666666666666666,1.0,0.05263157894736842,0.7039180890341347,0.5,1.0,0.05263157894736842,0.5855700749881525,0.6,1.0,0.07894736842105263,0.639945385422766,0.5,1.0,0.07894736842105263,0.5709662133861837,0.42857142857142855,1.0,0.07894736842105263,0.5186511804016661,0.5,1.0,0.10526315789473684,0.5570601873490943,0.5555555555555556,1.0,0.13157894736842105,0.588400730746862,0.6,1.0,0.15789473684210525,0.6145870006788592,0.5454545454545454,1.0,0.15789473684210525,0.5790380888812853,0.5,1.0,0.15789473684210525,0.5483123555787006,0.46153846153846156,1.0,0.15789473684210525,0.5214209459953693,0.42857142857142855,1.0,0.15789473684210525,0.49763666537711493,0.4,1.0,0.15789473684210525,0.47641131476042464,0.375,1.0,0.15789473684210525,0.4573228256850777,0.35294117647058826,1.0,0.15789473684210525,0.4400402884759408,0.3888888888888889,1.0,0.18421052631578946,0.4600699347755644,0.3684210526315789,1.0,0.18421052631578946,0.44444444838180286,0.4,1.0,0.21052631578947367,0.46241016555909753,rrf_only
0.0,0.0,0.0,0.0,0.0,0.0,0.0,0.0,0.0,0.0,0.0,0.0,0.0,0.0,0.0,0.0,0.0,0.0,0.0,0.0,0.0,0.0,0.0,0.0,0.0,0.0,0.0,0.0,0.125,1.0,0.027777777777777776,0.07979453856244817,0.1111111111111111,1.0,0.027777777777777776,0.07414861528507455,0.1,1.0,0.027777777777777776,0.06943122193677727,0.09090909090909091,1.0,0.027777777777777776,0.06541518452970234,0.08333333333333333,1.0,0.027777777777777776,0.06194403202282284,0.07692307692307693,1.0,0.027777777777777776,0.05890605135464942,0.07142857142857142,1.0,0.027777777777777776,0.05621908976192367,0.06666666666666667,1.0,0.027777777777777776,0.05382121602276955,0.0625,1.0,0.027777777777777776,0.05166474815090726,0.058823529411764705,1.0,0.027777777777777776,0.049712302565054066,0.05555555555555555,1.0,0.027777777777777776,0.047934103497110726,0.05263157894736842,1.0,0.027777777777777776,0.04630610387058298,0.05,1.0,0.027777777777777776,0.044808643601671735,rrf_only
1.0,1.0,0.022727272727272728,1.0,1.0,1.0,0.045454545454545456,1.0,1.0,1.0,0.06818181818181818,1.0,0.75,1.0,0.06818181818181818,0.8318724637288826,0.8,1.0,0.09090909090909091,0.8539316501572937,0.6666666666666666,1.0,0.09090909090909091,0.7618870795651185,0.5714285714285714,1.0,0.09090909090909091,0.6920788373899056,0.5,1.0,0.09090909090909091,0.6368547259115425,0.4444444444444444,1.0,0.09090909090909091,0.591793585310856,0.4,1.0,0.09090909090909091,0.5541432109622958,0.36363636363636365,1.0,0.09090909090909091,0.5220904859486463,0.4166666666666667,1.0,0.11363636363636363,0.5474499926088727,0.38461538461538464,1.0,0.11363636363636363,0.5206008767210877,0.35714285714285715,1.0,0.11363636363636363,0.496854003034595,0.4,1.0,0.13636363636363635,0.5183143393401642,0.4375,1.0,0.1590909090909091,0.537614156927159,0.4117647058823529,1.0,0.1590909090909091,0.5172973563009629,0.3888888888888889,1.0,0.1590909090909091,0.498793733870274,0.3684210526315789,1.0,0.1590909090909091,0.4818530600449226,0.35,1.0,0.1590909090909091,0.4662707554984811,rrf_only
0.0,0.0,0.0,0.0,0.5,1.0,0.02857142857142857,0.38685280723454163,0.3333333333333333,1.0,0.02857142857142857,0.2960819109658652,0.5,1.0,0.05714285714285714,0.4144299250118475,0.4,1.0,0.05714285714285714,0.36005461457723403,0.3333333333333333,1.0,0.05714285714285714,0.3212446320893053,0.42857142857142855,1.0,0.08571428571428572,0.383435894248366,0.375,1.0,0.08571428571428572,0.3528398039985379,0.3333333333333333,1.0,0.08571428571428572,0.32787435525394437,0.3,1.0,0.08571428571428572,0.30701473034246535,0.36363636363636365,1.0,0.11428571428571428,0.34709835105175896,0.4166666666666667,1.0,0.14285714285714285,0.3817435364438969,0.46153846153846156,1.0,0.17142857142857143,0.4120652821056044,0.5,1.0,0.2,0.43888354558928644,0.4666666666666667,1.0,0.2,0.4201641509322038,0.5,1.0,0.22857142857142856,0.44339657620739076,0.47058823529411764,1.0,0.22857142857142856,0.42664032133376006,0.4444444444444444,1.0,0.22857142857142856,0.4113794828169773,0.47368421052631576,1.0,0.2571428571428571,0.4313709693000464,0.45,1.0,0.2571428571428571,0.4174211693018886,rrf_only
1.0,1.0,0.015151515151515152,1.0,0.5,1.0,0.015151515151515152,0.6131471927654584,0.3333333333333333,1.0,0.015151515151515152,0.46927872602275644,0.5,1.0,0.030303030303030304,0.5585075862632192,0.6,1.0,0.045454545454545456,0.6164336326286644,0.5,1.0,0.045454545454545456,0.5499887725471476,0.42857142857142855,1.0,0.045454545454545456,0.49959580689988364,0.375,1.0,0.045454545454545456,0.45973079002057343,0.3333333333333333,1.0,0.045454545454545456,0.4272021882457644,0.3,1.0,0.045454545454545456,0.40002324830925196,0.2727272727272727,1.0,0.045454545454545456,0.3768851227787459,0.25,1.0,0.045454545454545456,0.35688631442645846,0.23076923076923078,1.0,0.045454545454545456,0.3393831960701369,0.21428571428571427,1.0,0.045454545454545456,0.3239024501690625,0.2,1.0,0.045454545454545456,0.31008726421359534,0.1875,1.0,0.045454545454545456,0.2976629216928431,0.17647058823529413,1.0,0.045454545454545456,0.28641403965370454,0.16666666666666666,1.0,0.045454545454545456,0.2761690670396996,0.15789473684210525,1.0,0.045454545454545456,0.2667894582601958,0.15,1.0,0.045454545454545456,0.25816194308367507,rrf_only
1.0,1.0,0.05,1.0,0.5,1.0,0.05,0.6131471927654584,0.6666666666666666,1.0,0.1,0.7039180890341347,0.75,1.0,0.15,0.75369761125927,0.8,1.0,0.2,0.7860137352654724,0.8333333333333334,1.0,0.25,0.8090791338210652,0.8571428571428571,1.0,0.3,0.8265723430117605,0.75,1.0,0.3,0.7606163843126554,0.6666666666666666,1.0,0.3,0.7067983934236957,0.6,1.0,0.3,0.6618313225363274,0.5454545454545454,1.0,0.3,0.6235497069412566,0.5,1.0,0.3,0.5904620355699354,0.46153846153846156,1.0,0.3,0.5615034387402864,0.5,1.0,0.35,0.5815051769582085,0.4666666666666667,1.0,0.35,0.556702641041758,0.4375,1.0,0.35,0.5343970996901924,0.47058823529411764,1.0,0.4,0.5519925464891403,0.4444444444444444,1.0,0.4,0.5322478840809932,0.42105263157894735,1.0,0.4,0.5141709974118545,0.45,1.0,0.45,0.5298818771458478,rrf_only
0.0,0.0,0.0,0.0,0.0,0.0,0.0,0.0,0.0,0.0,0.0,0.0,0.25,1.0,0.02702702702702703,0.16812753627111746,0.2,1.0,0.02702702702702703,0.14606834984270645,0.16666666666666666,1.0,0.02702702702702703,0.13032376591037062,0.2857142857142857,1.0,0.05405405405405406,0.21000823726012652,0.375,1.0,0.08108108108108109,0.27304526543608976,0.3333333333333333,1.0,0.08108108108108109,0.2537257399688699,0.3,1.0,0.08108108108108109,0.23758350840568812,0.36363636363636365,1.0,0.10810810810810811,0.28168316652205666,0.4166666666666667,1.0,0.13513513513513514,0.3197995044210741,0.46153846153846156,1.0,0.16216216216216217,0.353159230750955,0.42857142857142855,1.0,0.16216216216216217,0.33705009990069157,0.4,1.0,0.16216216216216217,0.32267413638449594,0.4375,1.0,0.1891891891891892,0.3498127179997882,0.4117647058823529,1.0,0.1891891891891892,0.3365930600787033,0.3888888888888889,1.0,0.1891891891891892,0.3245531939927399,0.3684210526315789,1.0,0.1891891891891892,0.3135303013117406,0.35,1.0,0.1891891891891892,0.3033912671441011,rrf_only
1.0,1.0,0.016129032258064516,1.0,1.0,1.0,0.03225806451612903,1.0,1.0,1.0,0.04838709677419355,1.0,1.0,1.0,0.06451612903225806,1.0,1.0,1.0,0.08064516129032258,1.0,0.8333333333333334,1.0,0.08064516129032258,0.892210845475489,0.8571428571428571,1.0,0.0967741935483871,0.9020870746500321,0.75,1.0,0.0967741935483871,0.8301054527851841,0.7777777777777778,1.0,0.11290322580645161,0.8421264707157319,0.7,1.0,0.11290322580645161,0.7885497208855957,0.6363636363636364,1.0,0.11290322580645161,0.7429384657747651,0.6666666666666666,1.0,0.12903225806451613,0.756579026377985,0.6153846153846154,1.0,0.12903225806451613,0.7194733943901459,0.5714285714285714,1.0,0.12903225806451613,0.6866550788986636,0.6,1.0,0.14516129032258066,0.700019961908831,0.5625,1.0,0.14516129032258066,0.6719720902873497,0.5294117647058824,1.0,0.14516129032258066,0.6465778129811699,0.5,1.0,0.14516129032258066,0.6234498546072564,0.5263157894736842,1.0,0.16129032258064516,0.6362387345767193,0.5,1.0,0.16129032258064516,0.6156638611381388,rrf_only
1.0,1.0,0.023809523809523808,1.0,1.0,1.0,0.047619047619047616,1.0,1.0,1.0,0.07142857142857142,1.0,0.75,1.0,0.07142857142857142,0.8318724637288826,0.6,1.0,0.07142857142857142,0.7227265726449519,0.5,1.0,0.07142857142857142,0.644824486427155,0.5714285714285714,1.0,0.09523809523809523,0.6773676006644395,0.5,1.0,0.09523809523809523,0.6233173655322678,0.4444444444444444,1.0,0.09523809523809523,0.5792140711633723,0.4,1.0,0.09523809523809523,0.5423640154200349,0.45454545454545453,1.0,0.11904761904761904,0.5688345740769206,0.4166666666666667,1.0,0.11904761904761904,0.5386502740248387,0.46153846153846156,1.0,0.14285714285714285,0.5612766918250756,0.42857142857142855,1.0,0.14285714285714285,0.5356744170308221,0.4666666666666667,1.0,0.16666666666666666,0.5554789732151043,0.4375,1.0,0.16666666666666666,0.5332224608626771,0.4117647058823529,1.0,0.16666666666666666,0.5130716253849118,0.4444444444444444,1.0,0.19047619047619047,0.5304889554464725,0.42105263157894735,1.0,0.19047619047619047,0.5124718077721447,0.45,1.0,0.21428571428571427,0.5282376363954232,rrf_only
1.0,1.0,0.021739130434782608,1.0,1.0,1.0,0.043478260869565216,1.0,1.0,1.0,0.06521739130434782,1.0,0.75,1.0,0.06521739130434782,0.8318724637288826,0.6,1.0,0.06521739130434782,0.7227265726449519,0.6666666666666666,1.0,0.08695652173913043,0.7526136409516659,0.5714285714285714,1.0,0.08695652173913043,0.6836550817096436,0.5,1.0,0.08695652173913043,0.6291031399287498,0.4444444444444444,1.0,0.08695652173913043,0.5845904686910707,0.5,1.0,0.10869565217391304,0.6110191504983019,0.45454545454545453,1.0,0.10869565217391304,0.575676610119641,0.4166666666666667,1.0,0.10869565217391304,0.5451292483299427,0.38461538461538464,1.0,0.10869565217391304,0.5183939509332202,0.42857142857142855,1.0,0.13043478260869565,0.5403621006717902,0.4,1.0,0.13043478260869565,0.5173144117760405,0.375,1.0,0.13043478260869565,0.4965870482736177,0.35294117647058826,1.0,0.13043478260869565,0.47782068968106806,0.3333333333333333,1.0,0.13043478260869565,0.46072913967846973,0.3157894736842105,1.0,0.13043478260869565,0.4450812645206041,0.3,1.0,0.13043478260869565,0.4306880970038745,rrf_only
0.0,0.0,0.0,0.0,0.0,0.0,0.0,0.0,0.0,0.0,0.0,0.0,0.0,0.0,0.0,0.0,0.0,0.0,0.0,0.0,0.0,0.0,0.0,0.0,0.0,0.0,0.0,0.0,0.125,1.0,0.05263157894736842,0.07979453856244817,0.1111111111111111,1.0,0.05263157894736842,0.07414861528507455,0.1,1.0,0.05263157894736842,0.06943122193677727,0.09090909090909091,1.0,0.05263157894736842,0.06541518452970234,0.08333333333333333,1.0,0.05263157894736842,0.06194403202282284,0.07692307692307693,1.0,0.05263157894736842,0.05890605135464942,0.07142857142857142,1.0,0.05263157894736842,0.05621908976192367,0.13333333333333333,1.0,0.10526315789473684,0.09647352059242073,0.125,1.0,0.10526315789473684,0.09260809236510262,0.11764705882352941,1.0,0.10526315789473684,0.08910837026011148,0.1111111111111111,1.0,0.10526315789473684,0.0859209817714144,0.10526315789473684,1.0,0.10526315789473684,0.08300282296526938,0.1,1.0,0.10526315789473684,0.08300282296526938,rrf_only
1.0,1.0,0.03333333333333333,1.0,1.0,1.0,0.06666666666666667,1.0,1.0,1.0,0.1,1.0,1.0,1.0,0.13333333333333333,1.0,0.8,1.0,0.13333333333333333,0.8687949224876582,0.8333333333333334,1.0,0.16666666666666666,0.8829374068620365,0.8571428571428571,1.0,0.2,0.8936633189697701,0.875,1.0,0.23333333333333334,0.9021484053648395,0.8888888888888888,1.0,0.26666666666666666,0.9090719693810212,0.9,1.0,0.3,0.914856882358379,0.9090909090909091,1.0,0.3333333333333333,0.9197817264827571,0.8333333333333334,1.0,0.3333333333333333,0.870974975135707,0.8461538461538461,1.0,0.36666666666666664,0.8773028733762331,0.8571428571428571,1.0,0.4,0.8828996237812294,0.8,1.0,0.4,0.845241920123282,0.75,1.0,0.4,0.8113754046598276,0.7058823529411765,1.0,0.4,0.7807129823313427,0.7222222222222222,1.0,0.43333333333333335,0.788556834865033,0.6842105263157895,1.0,0.43333333333333335,0.7617748542083267,0.7,1.0,0.4666666666666667,0.7694786483317888,rrf_only
1.0,1.0,0.020833333333333332,1.0,1.0,1.0,0.041666666666666664,1.0,1.0,1.0,0.0625,1.0,1.0,1.0,0.08333333333333333,1.0,0.8,1.0,0.08333333333333333,0.8687949224876582,0.6666666666666666,1.0,0.08333333333333333,0.7751482523375255,0.5714285714285714,1.0,0.08333333333333333,0.7041249493150387,0.625,1.0,0.10416666666666667,0.7277341624565861,0.6666666666666666,1.0,0.125,0.7469985389103325,0.6,1.0,0.125,0.6994739030813919,0.5454545454545454,1.0,0.125,0.6590149671490027,0.5,1.0,0.125,0.624045388270085,0.5384615384615384,1.0,0.14583333333333334,0.6424836914487562,0.5,1.0,0.14583333333333334,0.6131772116699311,0.4666666666666667,1.0,0.14583333333333334,0.5870237904826158,0.4375,1.0,0.14583333333333334,0.5635033641946064,0.4117647058823529,1.0,0.14583333333333334,0.5422081930109283,0.4444444444444444,1.0,0.16666666666666666,0.5585833139065014,0.42105263157894735,1.0,0.16666666666666666,0.5396119895240765,0.4,1.0,0.16666666666666666,0.5221618598997229,rrf_only
0.0,0.0,0.0,0.0,0.0,0.0,0.0,0.0,0.3333333333333333,1.0,0.038461538461538464,0.23463936301137822,0.25,1.0,0.038461538461538464,0.19519002499605084,0.2,1.0,0.038461538461538464,0.16958010263680806,0.16666666666666666,1.0,0.038461538461538464,0.15130120674940672,0.14285714285714285,1.0,0.038461538461538464,0.13743816645714543,0.125,1.0,0.038461538461538464,0.12647135138382856,0.1111111111111111,1.0,0.038461538461538464,0.11752277470724268,0.1,1.0,0.038461538461538464,0.11004588314904008,0.09090909090909091,1.0,0.038461538461538464,0.1036806144573329,0.08333333333333333,1.0,0.038461538461538464,0.09817896789964464,0.07692307692307693,1.0,0.038461538461538464,0.09336388246267398,0.07142857142857142,1.0,0.038461538461538464,0.08910514909732568,0.06666666666666667,1.0,0.038461538461538464,0.08530460913930236,0.0625,1.0,0.038461538461538464,0.0818866884283907,0.058823529411764705,1.0,0.038461538461538464,0.07879213539011483,0.05555555555555555,1.0,0.038461538461538464,0.07597375654860733,0.05263157894736842,1.0,0.038461538461538464,0.0733934381893728,0.05,1.0,0.038461538461538464,0.07102001981682865,rrf_only
0.0,0.0,0.0,0.0,0.5,1.0,0.02631578947368421,0.38685280723454163,0.3333333333333333,1.0,0.02631578947368421,0.2960819109658652,0.5,1.0,0.05263157894736842,0.4144299250118475,0.4,1.0,0.05263157894736842,0.36005461457723403,0.3333333333333333,1.0,0.05263157894736842,0.3212446320893053,0.2857142857142857,1.0,0.05263157894736842,0.2918104499436024,0.25,1.0,0.05263157894736842,0.26852556974265224,0.2222222222222222,1.0,0.05263157894736842,0.24952583878244927,0.2,1.0,0.05263157894736842,0.23365080824310533,0.2727272727272727,1.0,0.07894736842105263,0.27797794141353704,0.3333333333333333,1.0,0.10526315789473684,0.31629089117746717,0.3076923076923077,1.0,0.10526315789473684,0.3007787331609781,0.2857142857142857,1.0,0.10526315789473684,0.2870589049714,0.26666666666666666,1.0,0.10526315789473684,0.27481518112712927,0.25,1.0,0.10526315789473684,0.26380409381631953,0.23529411764705882,1.0,0.10526315789473684,0.2538347596583898,0.2222222222222222,1.0,0.10526315789473684,0.24475514133965467,0.21052631578947367,1.0,0.10526315789473684,0.23644245267706768,0.2,1.0,0.10526315789473684,0.22879630780257385,rrf_only
0.0,0.0,0.0,0.0,0.5,1.0,0.05263157894736842,0.38685280723454163,0.3333333333333333,1.0,0.05263157894736842,0.2960819109658652,0.25,1.0,0.05263157894736842,0.24630238874073,0.2,1.0,0.05263157894736842,0.21398626473452756,0.16666666666666666,1.0,0.05263157894736842,0.19092086617893467,0.14285714285714285,1.0,0.05263157894736842,0.17342765698823945,0.125,1.0,0.05263157894736842,0.15958907712489634,0.1111111111111111,1.0,0.05263157894736842,0.1482972305701491,0.1,1.0,0.05263157894736842,0.13886244387355454,0.18181818181818182,1.0,0.10526315789473684,0.18867232106669982,0.25,1.0,0.15789473684210525,0.23172413123703295,0.23076923076923078,1.0,0.15789473684210525,0.22035946206619159,0.21428571428571427,1.0,0.15789473684210525,0.21030790713169453,0.2,1.0,0.15789473684210525,0.20133779022330758,0.25,1.0,0.21052631578947367,0.23333798500012837,0.23529411764705882,1.0,0.21052631578947367,0.22451998558794348,0.2222222222222222,1.0,0.21052631578947367,0.21648895084388428,0.2631578947368421,1.0,0.2631578947368421,0.24309956004164265,0.25,1.0,0.2631578947368421,0.24309956004164265,rrf_only
1.0,1.0,0.03125,1.0,0.5,1.0,0.03125,0.6131471927654584,0.6666666666666666,1.0,0.0625,0.7039180890341347,0.75,1.0,0.09375,0.75369761125927,0.8,1.0,0.125,0.7860137352654724,0.8333333333333334,1.0,0.15625,0.8090791338210652,0.8571428571428571,1.0,0.1875,0.8265723430117605,0.875,1.0,0.21875,0.8404109228751037,0.8888888888888888,1.0,0.25,0.8517027694298509,0.8,1.0,0.25,0.7975167679274937,0.8181818181818182,1.0,0.28125,0.8092287933193136,0.75,1.0,0.28125,0.7662883571688357,0.7692307692307693,1.0,0.3125,0.7777505017800636,0.7142857142857143,1.0,0.3125,0.7422739135697207,0.6666666666666666,1.0,0.3125,0.710614220534038,0.625,1.0,0.3125,0.6821418661520448,0.5882352941176471,1.0,0.3125,0.6563632661750537,0.5555555555555556,1.0,0.3125,0.6328852841077901,0.5263157894736842,1.0,0.3125,0.611390420722591,0.5,1.0,0.3125,0.5916190992919701,rrf_only
0.0,0.0,0.0,0.0,0.5,1.0,0.03333333333333333,0.38685280723454163,0.6666666666666666,1.0,0.06666666666666667,0.5307212739772434,0.5,1.0,0.06666666666666667,0.44149241373678083,0.4,1.0,0.06666666666666667,0.38356636737133565,0.3333333333333333,1.0,0.06666666666666667,0.3422220729283414,0.2857142857142857,1.0,0.06666666666666667,0.3108658234453849,0.25,1.0,0.06666666666666667,0.2860604285087249,0.2222222222222222,1.0,0.06666666666666667,0.26582000527739175,0.2,1.0,0.06666666666666667,0.2489083270225946,0.18181818181818182,1.0,0.06666666666666667,0.2345109835167376,0.16666666666666666,1.0,0.06666666666666667,0.22206703194529032,0.15384615384615385,1.0,0.06666666666666667,0.2111759851719728,0.14285714285714285,1.0,0.06666666666666667,0.20154332862117302,0.13333333333333333,1.0,0.06666666666666667,0.19294704118484146,0.125,1.0,0.06666666666666667,0.18521618473020524,0.11764705882352941,1.0,0.06666666666666667,0.17821674052022296,0.1111111111111111,1.0,0.06666666666666667,0.1718419635428288,0.10526315789473684,1.0,0.06666666666666667,0.16600564593053876,0.1,1.0,0.06666666666666667,0.16063730702017212,rrf_only
1.0,1.0,0.02,1.0,1.0,1.0,0.04,1.0,1.0,1.0,0.06,1.0,0.75,1.0,0.06,0.8318724637288826,0.8,1.0,0.08,0.8539316501572937,0.8333333333333334,1.0,0.1,0.8696762340896295,0.8571428571428571,1.0,0.12,0.8816172070446371,0.875,1.0,0.14,0.8910635073822442,0.8888888888888888,1.0,0.16,0.8987713917876998,0.9,1.0,0.18,0.9052116356304493,0.9090909090909091,1.0,0.2,0.9106943796531628,0.9166666666666666,1.0,0.22,0.9154332400595658,0.8461538461538461,1.0,0.22,0.8705367682690365,0.7857142857142857,1.0,0.22,0.8308277942739586,0.7333333333333333,1.0,0.22,0.7953910741476542,0.6875,1.0,0.22,0.7635219447649253,0.6470588235294118,1.0,0.22,0.7346679368753668,0.6111111111111112,1.0,0.22,0.7083890124805436,0.5789473684210527,1.0,0.22,0.6843297944370853,0.55,1.0,0.22,0.6621997383031091,rrf_only
0.0,0.0,0.0,0.0,0.0,0.0,0.0,0.0,0.0,0.0,0.0,0.0,0.0,0.0,0.0,0.0,0.0,0.0,0.0,0.0,0.0,0.0,0.0,0.0,0.14285714285714285,1.0,0.058823529411764705,0.09162544430476362,0.125,1.0,0.058823529411764705,0.0843142342558857,0.1111111111111111,1.0,0.058823529411764705,0.07834851647149511,0.1,1.0,0.058823529411764705,0.07336392209936005,0.09090909090909091,1.0,0.058823529411764705,0.06912040963822193,0.08333333333333333,1.0,0.058823529411764705,0.06545264526642976,0.07692307692307693,1.0,0.058823529411764705,0.062242588308449316,0.07142857142857142,1.0,0.058823529411764705,0.05940343273155045,0.06666666666666667,1.0,0.058823529411764705,0.056869739426201577,0.0625,1.0,0.058823529411764705,0.05459112561892713,0.058823529411764705,1.0,0.058823529411764705,0.05252809026007655,0.1111111111111111,1.0,0.11764705882352941,0.08962483220812449,0.10526315789473684,1.0,0.11764705882352941,0.08962483220812449,0.1,1.0,0.11764705882352941,0.08962483220812449,rrf_only
1.0,1.0,0.041666666666666664,1.0,1.0,1.0,0.08333333333333333,1.0,1.0,1.0,0.125,1.0,1.0,1.0,0.16666666666666666,1.0,1.0,1.0,0.20833333333333334,1.0,1.0,1.0,0.25,1.0,0.8571428571428571,1.0,0.25,0.9083745556952364,0.75,1.0,0.25,0.8358912271816661,0.7777777777777778,1.0,0.2916666666666667,0.8475028682434302,0.8,1.0,0.3333333333333333,0.8572048559638628,0.8181818181818182,1.0,0.375,0.8654644058320757,0.75,1.0,0.375,0.8195399165331894,0.6923076923076923,1.0,0.375,0.7793464331269597,0.6428571428571429,1.0,0.375,0.7437970475361251,0.6,1.0,0.375,0.7120723893266069,0.5625,1.0,0.375,0.6835416101377196,0.5294117647058824,1.0,0.375,0.6577101128939469,0.5,1.0,0.375,0.6341839543903359,0.47368421052631576,1.0,0.375,0.6126449838959867,0.45,1.0,0.375,0.5928330920362005,rrf_only
1.0,1.0,0.01694915254237288,1.0,1.0,1.0,0.03389830508474576,1.0,1.0,1.0,0.05084745762711865,1.0,1.0,1.0,0.06779661016949153,1.0,1.0,1.0,0.0847457627118644,1.0,1.0,1.0,0.1016949152542373,1.0,0.8571428571428571,1.0,0.1016949152542373,0.9083745556952364,0.875,1.0,0.11864406779661017,0.9156857657441143,0.8888888888888888,1.0,0.13559322033898305,0.9216514835285049,0.9,1.0,0.15254237288135594,0.9266360779006401,0.9090909090909091,1.0,0.1694915254237288,0.9308795903617781,0.9166666666666666,1.0,0.1864406779661017,0.9345473547335703,0.9230769230769231,1.0,0.2033898305084746,0.9377574116915507,0.9285714285714286,1.0,0.22033898305084745,0.9405965672684496,0.9333333333333333,1.0,0.23728813559322035,0.9431302605737985,0.9375,1.0,0.2542372881355932,0.9454088743810729,0.9411764705882353,1.0,0.2711864406779661,0.9474719097399235,0.8888888888888888,1.0,0.2711864406779661,0.9135810300206169,0.8421052631578947,1.0,0.2711864406779661,0.8825528169704646,0.85,1.0,0.288135593220339,0.8863508581698237,rrf_only
0.0,0.0,0.0,0.0,0.5,1.0,0.034482758620689655,0.38685280723454163,0.3333333333333333,1.0,0.034482758620689655,0.2960819109658652,0.25,1.0,0.034482758620689655,0.24630238874073,0.2,1.0,0.034482758620689655,0.21398626473452756,0.3333333333333333,1.0,0.06896551724137931,0.2987100207034456,0.2857142857142857,1.0,0.06896551724137931,0.27134058233820724,0.25,1.0,0.06896551724137931,0.249689085777264,0.2222222222222222,1.0,0.06896551724137931,0.23202214456934253,0.2,1.0,0.06896551724137931,0.21726071285222986,0.18181818181818182,1.0,0.06896551724137931,0.20469392912636045,0.16666666666666666,1.0,0.06896551724137931,0.19383217202304812,0.15384615384615385,1.0,0.06896551724137931,0.18432587460832503,0.14285714285714285,1.0,0.06896551724137931,0.17591796855744593,0.13333333333333333,1.0,0.06896551724137931,0.16841466178325942,0.1875,1.0,0.10344827586206896,0.20173399562769478,0.17647058823529413,1.0,0.10344827586206896,0.19411033223289115,0.16666666666666666,1.0,0.10344827586206896,0.18716704467538947,0.15789473684210525,1.0,0.10344827586206896,0.18081023696231308,0.15,1.0,0.10344827586206896,0.1749631428768291,rrf_only
1.0,1.0,0.023255813953488372,1.0,0.5,1.0,0.023255813953488372,0.6131471927654584,0.3333333333333333,1.0,0.023255813953488372,0.46927872602275644,0.5,1.0,0.046511627906976744,0.5585075862632192,0.4,1.0,0.046511627906976744,0.48522855511632257,0.3333333333333333,1.0,0.046511627906976744,0.4329261794091841,0.42857142857142855,1.0,0.06976744186046512,0.4848845701744174,0.375,1.0,0.06976744186046512,0.4461934296412987,0.3333333333333333,1.0,0.06976744186046512,0.41462267409828063,0.4,1.0,0.09302325581395349,0.45186484096594276,0.36363636363636365,1.0,0.09302325581395349,0.4257280965210067,0.4166666666666667,1.0,0.11627906976744186,0.45620091979167193,0.38461538461538464,1.0,0.11627906976744186,0.4338270198392214,0.42857142857142855,1.0,0.13953488372093023,0.4596526356723393,0.4,1.0,0.13953488372093023,0.4400473914593998,0.375,1.0,0.13953488372093023,0.42241590462384526,0.35294117647058826,1.0,0.13953488372093023,0.4064525234423862,0.3333333333333333,1.0,0.13953488372093023,0.39191379839736007,0.3157894736842105,1.0,0.13953488372093023,0.3786031182996207,0.3,1.0,0.13953488372093023,0.36635974043038577,rrf_only
0.0,0.0,0.0,0.0,0.0,0.0,0.0,0.0,0.0,0.0,0.0,0.0,0.0,0.0,0.0,0.0,0.0,0.0,0.0,0.0,0.0,0.0,0.0,0.0,0.0,0.0,0.0,0.0,0.0,0.0,0.0,0.0,0.0,0.0,0.0,0.0,0.0,0.0,0.0,0.0,0.0,0.0,0.0,0.0,0.0,0.0,0.0,0.0,0.07692307692307693,1.0,0.058823529411764705,0.049043960636177025,0.07142857142857142,1.0,0.058823529411764705,0.046806851959664796,0.06666666666666667,1.0,0.058823529411764705,0.0448104318539346,0.0625,1.0,0.058823529411764705,0.04301500128290471,0.11764705882352941,1.0,0.11764705882352941,0.07918010811774973,0.16666666666666666,1.0,0.17647058823529413,0.11627685006579767,0.15789473684210525,1.0,0.17647058823529413,0.11627685006579767,0.15,1.0,0.17647058823529413,0.11627685006579767,rrf_only
1.0,1.0,0.00625,1.0,1.0,1.0,0.0125,1.0,0.6666666666666666,1.0,0.0125,0.7653606369886217,0.5,1.0,0.0125,0.6366824387328317,0.6,1.0,0.01875,0.6843515475204855,0.5,1.0,0.01875,0.6105858728157117,0.5714285714285714,1.0,0.025,0.6462661152375239,0.5,1.0,0.025,0.5946976087835997,0.4444444444444444,1.0,0.025,0.5526193270751085,0.4,1.0,0.025,0.5174612499126158,0.45454545454545453,1.0,0.03125,0.5453722331368306,0.5,1.0,0.0375,0.569496330989487,0.5384615384615384,1.0,0.04375,0.5906099359861685,0.5,1.0,0.04375,0.563669644152267,0.4666666666666667,1.0,0.04375,0.5396278348132175,0.4375,1.0,0.04375,0.518006433913524,0.4117647058823529,1.0,0.04375,0.4984306223295038,0.3888888888888889,1.0,0.04375,0.48060185917976017,0.3684210526315789,1.0,0.04375,0.4642790411823327,0.4,1.0,0.05,0.4816033415228355,rrf_only
1.0,1.0,0.037037037037037035,1.0,1.0,1.0,0.07407407407407407,1.0,1.0,1.0,0.1111111111111111,1.0,0.75,1.0,0.1111111111111111,0.8318724637288826,0.6,1.0,0.1111111111111111,0.7227265726449519,0.6666666666666666,1.0,0.14814814814814814,0.7526136409516659,0.7142857142857143,1.0,0.18518518518518517,0.7752805260144073,0.75,1.0,0.2222222222222222,0.7932119127470837,0.7777777777777778,1.0,0.25925925925925924,0.807843361168721,0.7,1.0,0.25925925925925924,0.7564477297898766,0.7272727272727273,1.0,0.2962962962962963,0.7705352685146384,0.75,1.0,0.3333333333333333,0.7827114487648704,0.7692307692307693,1.0,0.37037037037037035,0.793368139918338,0.7142857142857143,1.0,0.37037037037037035,0.7571791632032219,0.6666666666666666,1.0,0.37037037037037035,0.7248837269204845,0.6875,1.0,0.4074074074074074,0.7359068781564483,0.6470588235294118,1.0,0.4074074074074074,0.7080964622097998,0.6111111111111112,1.0,0.4074074074074074,0.6827679941214887,0.5789473684210527,1.0,0.4074074074074074,0.6595789500309513,0.55,1.0,0.4074074074074074,0.6382492939095473,rrf_only
0.0,0.0,0.0,0.0,0.5,1.0,0.024390243902439025,0.38685280723454163,0.6666666666666666,1.0,0.04878048780487805,0.5307212739772434,0.75,1.0,0.07317073170731707,0.6096199500078984,0.8,1.0,0.0975609756097561,0.6608397947263839,0.8333333333333334,1.0,0.12195121951219512,0.6973975865011866,0.8571428571428571,1.0,0.14634146341463414,0.7251236670857092,0.75,1.0,0.14634146341463414,0.6672627586698947,0.7777777777777778,1.0,0.17073170731707318,0.69080583530044,0.7,1.0,0.17073170731707318,0.6468562235661909,0.6363636363636364,1.0,0.17073170731707318,0.6094407969270551,0.5833333333333334,1.0,0.17073170731707318,0.5771017923785401,0.5384615384615384,1.0,0.17073170731707318,0.5487984347900597,0.5714285714285714,1.0,0.1951219512195122,0.5693797035802172,0.5333333333333333,1.0,0.1951219512195122,0.5450943470473361,0.5625,1.0,0.21951219512195122,0.5633211634928421,0.5294117647058824,1.0,0.21951219512195122,0.5420328777962443,0.5,1.0,0.21951219512195122,0.5226444707348206,0.5263157894736842,1.0,0.24390243902439024,0.5388570327035973,0.55,1.0,0.2682926829268293,0.5537696082410285,rrf_only
0.0,0.0,0.0,0.0,0.0,0.0,0.0,0.0,0.0,0.0,0.0,0.0,0.0,0.0,0.0,0.0,0.2,1.0,0.01639344262295082,0.13120507751234178,0.16666666666666666,1.0,0.01639344262295082,0.11706259313796354,0.2857142857142857,1.0,0.03278688524590164,0.19796212533499344,0.25,1.0,0.03278688524590164,0.1821658288910461,0.3333333333333333,1.0,0.04918032786885246,0.24003230781155455,0.3,1.0,0.04918032786885246,0.22476126319537007,0.36363636363636365,1.0,0.06557377049180328,0.26960258500381956,0.3333333333333333,1.0,0.06557377049180328,0.2552965535292423,0.38461538461538464,1.0,0.08196721311475409,0.29181976004357946,0.35714285714285715,1.0,0.08196721311475409,0.27850858964251585,0.4,1.0,0.09836065573770492,0.3092818610214705,0.375,1.0,0.09836065573770492,0.2968897887880892,0.35294117647058826,1.0,0.09836065573770492,0.28567012396148317,0.3888888888888889,1.0,0.11475409836065574,0.31122156000920087,0.3684210526315789,1.0,0.11475409836065574,0.3006514534149907,0.4,1.0,0.13114754098360656,0.3232671903286111,rrf_only
0.0,0.0,0.0,0.0,0.0,0.0,0.0,0.0,0.3333333333333333,1.0,0.02631578947368421,0.23463936301137822,0.25,1.0,0.02631578947368421,0.19519002499605084,0.2,1.0,0.02631578947368421,0.16958010263680806,0.16666666666666666,1.0,0.02631578947368421,0.15130120674940672,0.14285714285714285,1.0,0.02631578947368421,0.13743816645714543,0.25,1.0,0.05263157894736842,0.20626588994627673,0.2222222222222222,1.0,0.05263157894736842,0.19167138999231723,0.3,1.0,0.07894736842105263,0.24309789328476902,0.36363636363636365,1.0,0.10526315789473684,0.286878588615612,0.3333333333333333,1.0,0.10526315789473684,0.2716558335442572,0.3076923076923077,1.0,0.10526315789473684,0.25833275553732477,0.2857142857142857,1.0,0.10526315789473684,0.24654907327872752,0.26666666666666666,1.0,0.10526315789473684,0.236033187113878,0.25,1.0,0.10526315789473684,0.22657598747556063,0.23529411764705882,1.0,0.10526315789473684,0.2180135284984095,0.2777777777777778,1.0,0.13157894736842105,0.2459850273632784,0.2631578947368421,1.0,0.13157894736842105,0.23763056773094224,0.25,1.0,0.13157894736842105,0.22994600124591852,rrf_only
1.0,1.0,0.038461538461538464,1.0,1.0,1.0,0.07692307692307693,1.0,1.0,1.0,0.11538461538461539,1.0,1.0,1.0,0.15384615384615385,1.0,1.0,1.0,0.19230769230769232,1.0,1.0,1.0,0.23076923076923078,1.0,1.0,1.0,0.2692307692307692,1.0,0.875,1.0,0.2692307692307692,0.9202054614375518,0.8888888888888888,1.0,0.3076923076923077,0.9258513847149255,0.8,1.0,0.3076923076923077,0.866947989864271,0.7272727272727273,1.0,0.3076923076923077,0.8168020258417209,0.75,1.0,0.34615384615384615,0.8265231343553875,0.6923076923076923,1.0,0.34615384615384615,0.7859871662891722,0.6428571428571429,1.0,0.34615384615384615,0.7501348679322623,0.6,1.0,0.34615384615384615,0.7181398870769004,0.5625,1.0,0.34615384615384615,0.6893659999664906,0.5294117647058824,1.0,0.34615384615384615,0.663314395113207,0.5,1.0,0.34615384615384615,0.6395877725613711,0.47368421052631576,1.0,0.34615384615384615,0.6178652706494623,0.45,1.0,0.34615384615384615,0.5978845636367646,rrf_only
0.0,0.0,0.0,0.0,0.0,0.0,0.0,0.0,0.0,0.0,0.0,0.0,0.0,0.0,0.0,0.0,0.0,0.0,0.0,0.0,0.0,0.0,0.0,0.0,0.0,0.0,0.0,0.0,0.0,0.0,0.0,0.0,0.0,0.0,0.0,0.0,0.0,0.0,0.0,0.0,0.0,0.0,0.0,0.0,0.0,0.0,0.0,0.0,0.0,0.0,0.0,0.0,0.0,0.0,0.0,0.0,0.0,0.0,0.0,0.0,0.0,0.0,0.0,0.0,0.0,0.0,0.0,0.0,0.05555555555555555,1.0,0.037037037037037035,0.035769798946978335,0.05263157894736842,1.0,0.037037037037037035,0.034554939064803565,0.05,1.0,0.037037037037037035,0.0334374913847135,rrf_only
1.0,1.0,0.020833333333333332,1.0,0.5,1.0,0.020833333333333332,0.6131471927654584,0.3333333333333333,1.0,0.020833333333333332,0.46927872602275644,0.5,1.0,0.041666666666666664,0.5585075862632192,0.4,1.0,0.041666666666666664,0.48522855511632257,0.3333333333333333,1.0,0.041666666666666664,0.4329261794091841,0.2857142857142857,1.0,0.041666666666666664,0.3932591258696538,0.25,1.0,0.041666666666666664,0.361879195385413,0.2222222222222222,1.0,0.041666666666666664,0.33627415762678553,0.2,1.0,0.041666666666666664,0.31488013066763093,0.18181818181818182,1.0,0.041666666666666664,0.29666684926150305,0.25,1.0,0.0625,0.33398810191728157,0.3076923076923077,1.0,0.08333333333333333,0.366651963230076,0.2857142857142857,1.0,0.08333333333333333,0.34992737007808655,0.26666666666666666,1.0,0.08333333333333333,0.33500216131225896,0.25,1.0,0.08333333333333333,0.32157954749452794,0.23529411764705882,1.0,0.08333333333333333,0.30942684007839133,0.2222222222222222,1.0,0.08333333333333333,0.2983587042199885,0.21052631578947367,1.0,0.08333333333333333,0.2882254624650713,0.2,1.0,0.08333333333333333,0.27890474354351674,rrf_only
1.0,1.0,0.017543859649122806,1.0,0.5,1.0,0.017543859649122806,0.6131471927654584,0.6666666666666666,1.0,0.03508771929824561,0.7039180890341347,0.5,1.0,0.03508771929824561,0.5855700749881525,0.6,1.0,0.05263157894736842,0.639945385422766,0.5,1.0,0.05263157894736842,0.5709662133861837,0.5714285714285714,1.0,0.07017543859649122,0.6102766247064297,0.625,1.0,0.08771929824561403,0.64137442160498,0.6666666666666666,1.0,0.10526315789473684,0.6667492472183573,0.6,1.0,0.10526315789473684,0.6243301345792677,0.5454545454545454,1.0,0.10526315789473684,0.5882176608982256,0.5,1.0,0.10526315789473684,0.5570048282371699,0.46153846153846156,1.0,0.10526315789473684,0.5296871053669456,0.5,1.0,0.12280701754385964,0.5511401251396408,0.4666666666666667,1.0,0.12280701754385964,0.5276327286616291,0.5,1.0,0.14035087719298245,0.5465591840566448,0.47058823529411764,1.0,0.14035087719298245,0.5259043448381905,0.4444444444444444,1.0,0.14035087719298245,0.5070928521579862,0.42105263157894735,1.0,0.14035087719298245,0.4898703130115546,0.4,1.0,0.14035087719298245,0.4740287442044684,rrf_only
1.0,1.0,0.029411764705882353,1.0,0.5,1.0,0.029411764705882353,0.6131471927654584,0.3333333333333333,1.0,0.029411764705882353,0.46927872602275644,0.25,1.0,0.029411764705882353,0.3903800499921017,0.2,1.0,0.029411764705882353,0.3391602052736161,0.3333333333333333,1.0,0.058823529411764705,0.4103915680233244,0.2857142857142857,1.0,0.058823529411764705,0.3727892582642586,0.375,1.0,0.08823529411764706,0.4228372499824729,0.3333333333333333,1.0,0.08823529411764706,0.3929190786987533,0.3,1.0,0.08823529411764706,0.3679212572135327,0.2727272727272727,1.0,0.08823529411764706,0.3466399735113239,0.3333333333333333,1.0,0.11764705882352941,0.38130948197707265,0.3076923076923077,1.0,0.11764705882352941,0.362608554752788,0.2857142857142857,1.0,0.11764705882352941,0.34606839907423853,0.3333333333333333,1.0,0.14705882352941177,0.37396008888464366,0.3125,1.0,0.14705882352941177,0.3589765382213267,0.29411764705882354,1.0,0.14705882352941177,0.34541057336985986,0.2777777777777778,1.0,0.14705882352941177,0.3330553066062595,0.2631578947368421,1.0,0.14705882352941177,0.3217436542500043,0.25,1.0,0.14705882352941177,0.31133901428374333,rrf_only
0.0,0.0,0.0,0.0,0.5,1.0,0.01694915254237288,0.38685280723454163,0.6666666666666666,1.0,0.03389830508474576,0.5307212739772434,0.75,1.0,0.05084745762711865,0.6096199500078984,0.8,1.0,0.06779661016949153,0.6608397947263839,0.8333333333333334,1.0,0.0847457627118644,0.6973975865011866,0.7142857142857143,1.0,0.0847457627118644,0.6334982227809455,0.75,1.0,0.1016949152542373,0.6627430629764571,0.7777777777777778,1.0,0.11864406779661017,0.6866059341140195,0.7,1.0,0.11864406779661017,0.6429235234036081,0.7272727272727273,1.0,0.13559322033898305,0.6635775238258307,0.75,1.0,0.15254237288135594,0.6814292463263205,0.6923076923076923,1.0,0.15254237288135594,0.6480092571931526,0.6428571428571429,1.0,0.15254237288135594,0.6184507322917664,0.6,1.0,0.15254237288135594,0.5920723832967342,0.5625,1.0,0.15254237288135594,0.5683496738013526,0.5294117647058824,1.0,0.15254237288135594,0.5468713573176774,0.5,1.0,0.15254237288135594,0.527309878816563,0.47368421052631576,1.0,0.15254237288135594,0.5094007030284,0.45,1.0,0.15254237288135594,0.49292755478270883,rrf_only
0.0,0.0,0.0,0.0,0.5,1.0,0.023255813953488372,0.38685280723454163,0.3333333333333333,1.0,0.023255813953488372,0.2960819109658652,0.25,1.0,0.023255813953488372,0.24630238874073,0.2,1.0,0.023255813953488372,0.21398626473452756,0.16666666666666666,1.0,0.023255813953488372,0.19092086617893467,0.14285714285714285,1.0,0.023255813953488372,0.17342765698823945,0.125,1.0,0.023255813953488372,0.15958907712489634,0.1111111111111111,1.0,0.023255813953488372,0.1482972305701491,0.1,1.0,0.023255813953488372,0.13886244387355454,0.09090909090909091,1.0,0.023255813953488372,0.13083036905940468,0.08333333333333333,1.0,0.023255813953488372,0.12388806404564567,0.07692307692307693,1.0,0.023255813953488372,0.11781210270929884,0.07142857142857142,1.0,0.023255813953488372,0.11243817952384734,0.06666666666666667,1.0,0.023255813953488372,0.1076424320455391,0.0625,1.0,0.023255813953488372,0.10332949630181452,0.058823529411764705,1.0,0.023255813953488372,0.09942460513010813,0.05555555555555555,1.0,0.023255813953488372,0.09586820699422145,0.05263157894736842,1.0,0.023255813953488372,0.09261220774116596,0.05,1.0,0.023255813953488372,0.08961728720334347,rrf_only
0.0,0.0,0.0,0.0,0.5,1.0,0.029411764705882353,0.38685280723454163,0.3333333333333333,1.0,0.029411764705882353,0.2960819109658652,0.5,1.0,0.058823529411764705,0.4144299250118475,0.6,1.0,0.08823529411764706,0.4912596920895758,0.6666666666666666,1.0,0.11764705882352941,0.5460963797517797,0.7142857142857143,1.0,0.14705882352941177,0.5876855006285636,0.75,1.0,0.17647058823529413,0.6205859458485142,0.6666666666666666,1.0,0.17647058823529413,0.5766759151571912,0.7,1.0,0.20588235294117646,0.6036081270984908,0.6363636363636364,1.0,0.20588235294117646,0.5686942547796465,0.6666666666666666,1.0,0.23529411764705882,0.5915808067249886,0.6923076923076923,1.0,0.2647058823529412,0.6116113015630275,0.6428571428571429,1.0,0.2647058823529412,0.5837130459647568,0.6666666666666666,1.0,0.29411764705882354,0.6014686439166405,0.6875,1.0,0.3235294117647059,0.617436697573397,0.6470588235294118,1.0,0.3235294117647059,0.594103349442099,0.6111111111111112,1.0,0.3235294117647059,0.5728523920788288,0.5789473684210527,1.0,0.3235294117647059,0.5533964429252981,0.6,1.0,0.35294117647058826,0.5678388387818551,rrf_only
0.0,0.0,0.0,0.0,0.0,0.0,0.0,0.0,0.0,0.0,0.0,0.0,0.25,1.0,0.058823529411764705,0.16812753627111746,0.2,1.0,0.058823529411764705,0.14606834984270645,0.16666666666666666,1.0,0.058823529411764705,0.13032376591037062,0.14285714285714285,1.0,0.058823529411764705,0.11838279295536291,0.125,1.0,0.058823529411764705,0.10893649261775588,0.1111111111111111,1.0,0.058823529411764705,0.10122860821230018,0.2,1.0,0.11764705882352941,0.1584091525685025,0.18181818181818182,1.0,0.11764705882352941,0.1492464579681189,0.16666666666666666,1.0,0.11764705882352941,0.14132693254839473,0.15384615384615385,1.0,0.11764705882352941,0.13439570003165963,0.14285714285714285,1.0,0.11764705882352941,0.12826532673540136,0.13333333333333333,1.0,0.11764705882352941,0.1227945149537572,0.125,1.0,0.11764705882352941,0.11787447698533482,0.11764705882352941,1.0,0.11764705882352941,0.11341992120965298,0.16666666666666666,1.0,0.17647058823529413,0.15051666315770093,0.15789473684210525,1.0,0.17647058823529413,0.15051666315770093,0.2,1.0,0.23529411764705882,0.18639391327696378,rrf_only
1.0,1.0,0.03125,1.0,0.5,1.0,0.03125,0.6131471927654584,0.3333333333333333,1.0,0.03125,0.46927872602275644,0.5,1.0,0.0625,0.5585075862632192,0.4,1.0,0.0625,0.48522855511632257,0.3333333333333333,1.0,0.0625,0.4329261794091841,0.2857142857142857,1.0,0.0625,0.3932591258696538,0.375,1.0,0.09375,0.44167373394786114,0.3333333333333333,1.0,0.09375,0.4104227729118601,0.3,1.0,0.09375,0.3843113526044082,0.36363636363636365,1.0,0.125,0.41992398579850043,0.3333333333333333,1.0,0.125,0.39764138877637545,0.3076923076923077,1.0,0.125,0.37813948015791216,0.2857142857142857,1.0,0.125,0.36089089132006275,0.26666666666666666,1.0,0.125,0.34549806310706654,0.25,1.0,0.125,0.3316549074160871,0.23529411764705882,1.0,0.125,0.31912144537114107,0.2222222222222222,1.0,0.125,0.30770653543054627,0.21052631578947367,1.0,0.125,0.2972558106184869,0.2,1.0,0.125,0.28764306566917647,rrf_only
0.0,0.0,0.0,0.0,0.0,0.0,0.0,0.0,0.3333333333333333,1.0,0.022222222222222223,0.23463936301137822,0.5,1.0,0.044444444444444446,0.36331756126716835,0.6,1.0,0.06666666666666667,0.4468535299918563,0.6666666666666666,1.0,0.08888888888888889,0.5064767203222518,0.5714285714285714,1.0,0.08888888888888889,0.460070565792706,0.625,1.0,0.1111111111111111,0.5031539858515608,0.5555555555555556,1.0,0.1111111111111111,0.46755294282278975,0.5,1.0,0.1111111111111111,0.43780685607566444,0.45454545454545453,1.0,0.1111111111111111,0.41248325291807114,0.4166666666666667,1.0,0.1111111111111111,0.3905954865270391,0.38461538461538464,1.0,0.1111111111111111,0.37143913686113855,0.35714285714285715,1.0,0.1111111111111111,0.35449617986725906,0.4,1.0,0.13333333333333333,0.38202840540443406,0.4375,1.0,0.15555555555555556,0.4067888249554353,0.4117647058823529,1.0,0.15555555555555556,0.39141600162648416,0.3888888888888889,1.0,0.15555555555555556,0.3774151299436747,0.3684210526315789,1.0,0.15555555555555556,0.36459687225723947,0.35,1.0,0.15555555555555556,0.3528064324504181,rrf_only
0.0,0.0,0.0,0.0,0.0,0.0,0.0,0.0,0.3333333333333333,1.0,0.02127659574468085,0.23463936301137822,0.25,1.0,0.02127659574468085,0.19519002499605084,0.2,1.0,0.02127659574468085,0.16958010263680806,0.3333333333333333,1.0,0.0425531914893617,0.25909036127391766,0.42857142857142855,1.0,0.06382978723404255,0.3269765361118768,0.5,1.0,0.0851063829787234,0.3806801328545301,0.4444444444444444,1.0,0.0851063829787234,0.3537448204630058,0.4,1.0,0.0851063829787234,0.3312392961638527,0.36363636363636365,1.0,0.0851063829787234,0.31207976869221293,0.3333333333333333,1.0,0.0851063829787234,0.2955197531662997,0.38461538461538464,1.0,0.10638297872340426,0.33007025466097595,0.35714285714285715,1.0,0.10638297872340426,0.3150143125840632,0.4,1.0,0.1276595744680851,0.3442305307495796,0.375,1.0,0.1276595744680851,0.3304381615886613,0.35294117647058826,1.0,0.1276595744680851,0.3179506811869998,0.3333333333333333,1.0,0.1276595744680851,0.30657764924588604,0.3157894736842105,1.0,0.1276595744680851,0.29616526511724284,0.35,1.0,0.14893617021276595,0.31892607769418196,rrf_only
0.0,0.0,0.0,0.0,0.0,0.0,0.0,0.0,0.0,0.0,0.0,0.0,0.0,0.0,0.0,0.0,0.0,0.0,0.0,0.0,0.0,0.0,0.0,0.0,0.0,0.0,0.0,0.0,0.0,0.0,0.0,0.0,0.0,0.0,0.0,0.0,0.0,0.0,0.0,0.0,0.0,0.0,0.0,0.0,0.0,0.0,0.0,0.0,0.0,0.0,0.0,0.0,0.0,0.0,0.0,0.0,0.06666666666666667,1.0,0.038461538461538464,0.04265230456965118,0.0625,1.0,0.038461538461538464,0.04094334421419535,0.058823529411764705,1.0,0.038461538461538464,0.039396067695057414,0.05555555555555555,1.0,0.038461538461538464,0.037986878274303665,0.05263157894736842,1.0,0.038461538461538464,0.0366967190946864,0.05,1.0,0.038461538461538464,0.035510009908414325,rrf_only
1.0,1.0,0.04,1.0,0.5,1.0,0.04,0.6131471927654584,0.3333333333333333,1.0,0.04,0.46927872602275644,0.5,1.0,0.08,0.5585075862632192,0.4,1.0,0.08,0.48522855511632257,0.3333333333333333,1.0,0.08,0.4329261794091841,0.2857142857142857,1.0,0.08,0.3932591258696538,0.25,1.0,0.08,0.361879195385413,0.2222222222222222,1.0,0.08,0.33627415762678553,0.2,1.0,0.08,0.31488013066763093,0.18181818181818182,1.0,0.08,0.29666684926150305,0.16666666666666666,1.0,0.08,0.2809246957397235,0.15384615384615385,1.0,0.08,0.26714703602013445,0.14285714285714285,1.0,0.08,0.25496129603435685,0.13333333333333333,1.0,0.08,0.24408660918242644,0.125,1.0,0.08,0.2343067311055167,0.11764705882352941,1.0,0.08,0.22545212212636453,0.1111111111111111,1.0,0.08,0.21738774504573488,0.10526315789473684,1.0,0.08,0.2100045430678884,0.1,1.0,0.08,0.2032133550116892,rrf_only
1.0,1.0,0.02857142857142857,1.0,1.0,1.0,0.05714285714285714,1.0,0.6666666666666666,1.0,0.05714285714285714,0.7653606369886217,0.5,1.0,0.05714285714285714,0.6366824387328317,0.6,1.0,0.08571428571428572,0.6843515475204855,0.5,1.0,0.08571428571428572,0.6105858728157117,0.42857142857142855,1.0,0.08571428571428572,0.5546406709327603,0.375,1.0,0.08571428571428572,0.510383374527714,0.4444444444444444,1.0,0.11428571428571428,0.545026571324694,0.4,1.0,0.11428571428571428,0.5103515512676448,0.45454545454545453,1.0,0.14285714285714285,0.5386737733396681,0.4166666666666667,1.0,0.14285714285714285,0.5100899081077475,0.46153846153846156,1.0,0.17142857142857143,0.5341170393697771,0.42857142857142855,1.0,0.17142857142857143,0.5097536346294642,0.4,1.0,0.17142857142857143,0.4880114673497616,0.375,1.0,0.17142857142857143,0.4684581921135627,0.35294117647058826,1.0,0.17142857142857143,0.4507548419166871,0.3333333333333333,1.0,0.17142857142857143,0.4346314318469502,0.3157894736842105,1.0,0.17142857142857143,0.4198699205824972,0.3,1.0,0.17142857142857143,0.4062920448462785,rrf_only
0.0,0.0,0.0,0.0,0.0,0.0,0.0,0.0,0.0,0.0,0.0,0.0,0.0,0.0,0.0,0.0,0.0,0.0,0.0,0.0,0.0,0.0,0.0,0.0,0.0,0.0,0.0,0.0,0.0,0.0,0.0,0.0,0.0,0.0,0.0,0.0,0.0,0.0,0.0,0.0,0.0,0.0,0.0,0.0,0.0,0.0,0.0,0.0,0.0,0.0,0.0,0.0,0.0,0.0,0.0,0.0,0.0,0.0,0.0,0.0,0.0,0.0,0.0,0.0,0.0,0.0,0.0,0.0,0.0,0.0,0.0,0.0,0.0,0.0,0.0,0.0,0.0,0.0,0.0,0.0,rrf_only
0.0,0.0,0.0,0.0,0.0,0.0,0.0,0.0,0.0,0.0,0.0,0.0,0.0,0.0,0.0,0.0,0.0,0.0,0.0,0.0,0.0,0.0,0.0,0.0,0.0,0.0,0.0,0.0,0.0,0.0,0.0,0.0,0.0,0.0,0.0,0.0,0.0,0.0,0.0,0.0,0.0,0.0,0.0,0.0,0.0,0.0,0.0,0.0,0.0,0.0,0.0,0.0,0.0,0.0,0.0,0.0,0.0,0.0,0.0,0.0,0.0,0.0,0.0,0.0,0.0,0.0,0.0,0.0,0.0,0.0,0.0,0.0,0.0,0.0,0.0,0.0,0.0,0.0,0.0,0.0,rrf_only
1.0,1.0,0.02564102564102564,1.0,1.0,1.0,0.05128205128205128,1.0,0.6666666666666666,1.0,0.05128205128205128,0.7653606369886217,0.75,1.0,0.07692307692307693,0.8048099750039491,0.6,1.0,0.07692307692307693,0.6992148198508501,0.6666666666666666,1.0,0.10256410256410256,0.7316362001126298,0.7142857142857143,1.0,0.1282051282051282,0.7562251525126247,0.625,1.0,0.1282051282051282,0.6958825154185628,0.5555555555555556,1.0,0.1282051282051282,0.6466448186676232,0.6,1.0,0.15384615384615385,0.6691255538181726,0.5454545454545454,1.0,0.15384615384615385,0.6304220256473672,0.5,1.0,0.15384615384615385,0.5969696856371619,0.5384615384615384,1.0,0.1794871794871795,0.6167358885099591,0.5,1.0,0.1794871794871795,0.588603878178714,0.5333333333333333,1.0,0.20512820512820512,0.6061508708654088,0.5625,1.0,0.23076923076923078,0.6219313205858382,0.5882352941176471,1.0,0.2564102564102564,0.6362187902956575,0.5555555555555556,1.0,0.2564102564102564,0.6134613720804921,0.5263157894736842,1.0,0.2564102564102564,0.5926262085586284,0.5,1.0,0.2564102564102564,0.5734616896841346,rrf_only
1.0,1.0,0.034482758620689655,1.0,0.5,1.0,0.034482758620689655,0.6131471927654584,0.6666666666666666,1.0,0.06896551724137931,0.7039180890341347,0.5,1.0,0.06896551724137931,0.5855700749881525,0.4,1.0,0.06896551724137931,0.5087403079104241,0.3333333333333333,1.0,0.06896551724137931,0.4539036202482202,0.42857142857142855,1.0,0.10344827586206896,0.5039399436761999,0.375,1.0,0.10344827586206896,0.46372828840737135,0.3333333333333333,1.0,0.10344827586206896,0.43091684059322316,0.3,1.0,0.10344827586206896,0.40350157154648025,0.2727272727272727,1.0,0.10344827586206896,0.3801622530102206,0.25,1.0,0.10344827586206896,0.35998954896536367,0.23076923076923078,1.0,0.10344827586206896,0.34233423569647126,0.21428571428571427,1.0,0.10344827586206896,0.3267188800235275,0.2,1.0,0.10344827586206896,0.3127835668441087,0.1875,1.0,0.10344827586206896,0.3002511909040992,0.23529411764705882,1.0,0.13793103448275862,0.3266951690985682,0.2222222222222222,1.0,0.13793103448275862,0.31500934858296337,0.21052631578947367,1.0,0.13793103448275862,0.304310596245252,0.2,1.0,0.13793103448275862,0.29446971158435425,rrf_only
0.0,0.0,0.0,0.0,0.0,0.0,0.0,0.0,0.3333333333333333,1.0,0.037037037037037035,0.23463936301137822,0.25,1.0,0.037037037037037035,0.19519002499605084,0.4,1.0,0.07407407407407407,0.30078518014914984,0.3333333333333333,1.0,0.07407407407407407,0.26836379988737025,0.2857142857142857,1.0,0.07407407407407407,0.24377484748737527,0.25,1.0,0.07407407407407407,0.22432294601898897,0.2222222222222222,1.0,0.07407407407407407,0.2084508053262215,0.3,1.0,0.1111111111111111,0.25880978898961277,0.2727272727272727,1.0,0.1111111111111111,0.24383972559585743,0.3333333333333333,1.0,0.14814814814814814,0.2839641653718982,0.3076923076923077,1.0,0.14814814814814814,0.270037438023314,0.2857142857142857,1.0,0.14814814814814814,0.2577198542117921,0.26666666666666666,1.0,0.14814814814814814,0.24672750849630468,0.3125,1.0,0.18518518518518517,0.27690906229096723,0.29411764705882354,1.0,0.18518518518518517,0.2664444825590857,0.2777777777777778,1.0,0.18518518518518517,0.25691381698741556,0.2631578947368421,1.0,0.18518518518518517,0.24818817975649204,0.25,1.0,0.18518518518518517,0.2401621981399551,rrf_only
0.0,0.0,0.0,0.0,0.0,0.0,0.0,0.0,0.0,0.0,0.0,0.0,0.0,0.0,0.0,0.0,0.0,0.0,0.0,0.0,0.0,0.0,0.0,0.0,0.0,0.0,0.0,0.0,0.0,0.0,0.0,0.0,0.0,0.0,0.0,0.0,0.0,0.0,0.0,0.0,0.0,0.0,0.0,0.0,0.0,0.0,0.0,0.0,0.0,0.0,0.0,0.0,0.0,0.0,0.0,0.0,0.0,0.0,0.0,0.0,0.0,0.0,0.0,0.0,0.0,0.0,0.0,0.0,0.0,0.0,0.0,0.0,0.0,0.0,0.0,0.0,0.0,0.0,0.0,0.0,rrf_only
1.0,1.0,0.025,1.0,1.0,1.0,0.05,1.0,0.6666666666666666,1.0,0.05,0.7653606369886217,0.75,1.0,0.075,0.8048099750039491,0.8,1.0,0.1,0.830419897363192,0.8333333333333334,1.0,0.125,0.8486987932505933,0.7142857142857143,1.0,0.125,0.7709363892380909,0.625,1.0,0.125,0.7094198757978375,0.5555555555555556,1.0,0.125,0.659224332815107,0.6,1.0,0.15,0.6809047493604335,0.6363636363636364,1.0,0.175,0.6993618415336832,0.6666666666666666,1.0,0.2,0.7153147262488544,0.6153846153846154,1.0,0.2,0.6802328589722278,0.5714285714285714,1.0,0.2,0.6492044752300515,0.5333333333333333,1.0,0.2,0.6215144082245588,0.5,1.0,0.2,0.596612037890363,0.47058823529411764,1.0,0.2,0.5740656676565721,0.5,1.0,0.225,0.589301253089112,0.47368421052631576,1.0,0.225,0.5692866465783376,0.45,1.0,0.225,0.5508768892544367,rrf_only
0.0,0.0,0.0,0.0,0.5,1.0,0.034482758620689655,0.38685280723454163,0.3333333333333333,1.0,0.034482758620689655,0.2960819109658652,0.25,1.0,0.034482758620689655,0.24630238874073,0.4,1.0,0.06896551724137931,0.34519134224686937,0.5,1.0,0.10344827586206896,0.4157726138414091,0.42857142857142855,1.0,0.10344827586206896,0.3776772633684371,0.375,1.0,0.10344827586206896,0.3475406804124244,0.3333333333333333,1.0,0.10344827586206896,0.32295017518832136,0.3,1.0,0.10344827586206896,0.30240383049385083,0.2727272727272727,1.0,0.10344827586206896,0.28491220264360334,0.25,1.0,0.10344827586206896,0.26979379070978304,0.3076923076923077,1.0,0.13793103448275862,0.3056059952945045,0.2857142857142857,1.0,0.13793103448275862,0.2916659746518164,0.26666666666666666,1.0,0.13793103448275862,0.27922574866836297,0.25,1.0,0.13793103448275862,0.2680379420653818,0.23529411764705882,1.0,0.13793103448275862,0.25790860793414516,0.2222222222222222,1.0,0.13793103448275862,0.2486832688816457,0.21052631578947367,1.0,0.13793103448275862,0.24023716810315882,0.2,1.0,0.13793103448275862,0.23246830861639103,rrf_only
1.0,1.0,0.029411764705882353,1.0,0.5,1.0,0.029411764705882353,0.6131471927654584,0.6666666666666666,1.0,0.058823529411764705,0.7039180890341347,0.5,1.0,0.058823529411764705,0.5855700749881525,0.4,1.0,0.058823529411764705,0.5087403079104241,0.3333333333333333,1.0,0.058823529411764705,0.4539036202482202,0.42857142857142855,1.0,0.08823529411764706,0.5039399436761999,0.375,1.0,0.08823529411764706,0.46372828840737135,0.4444444444444444,1.0,0.11764705882352941,0.5016726013143037,0.4,1.0,0.11764705882352941,0.4697557950008693,0.36363636363636365,1.0,0.11764705882352941,0.44258420285128025,0.4166666666666667,1.0,0.14705882352941177,0.4721625837051701,0.38461538461538464,1.0,0.14705882352941177,0.44900586053605807,0.35714285714285715,1.0,0.14705882352941177,0.428524747400405,0.3333333333333333,1.0,0.14705882352941177,0.4102471793586501,0.375,1.0,0.17647058823529413,0.43387695036782226,0.35294117647058826,1.0,0.17647058823529413,0.4174804485582179,0.3333333333333333,1.0,0.17647058823529413,0.40254725684899617,0.3157894736842105,1.0,0.17647058823529413,0.38887542956950116,0.3,1.0,0.17647058823529413,0.37629986270765475,rrf_only
0.0,0.0,0.0,0.0,0.0,0.0,0.0,0.0,0.0,0.0,0.0,0.0,0.0,0.0,0.0,0.0,0.0,0.0,0.0,0.0,0.0,0.0,0.0,0.0,0.0,0.0,0.0,0.0,0.125,1.0,0.041666666666666664,0.07979453856244817,0.1111111111111111,1.0,0.041666666666666664,0.07414861528507455,0.1,1.0,0.041666666666666664,0.06943122193677727,0.09090909090909091,1.0,0.041666666666666664,0.06541518452970234,0.08333333333333333,1.0,0.041666666666666664,0.06194403202282284,0.07692307692307693,1.0,0.041666666666666664,0.05890605135464942,0.07142857142857142,1.0,0.041666666666666664,0.05621908976192367,0.06666666666666667,1.0,0.041666666666666664,0.05382121602276955,0.0625,1.0,0.041666666666666664,0.05166474815090726,0.058823529411764705,1.0,0.041666666666666664,0.049712302565054066,0.05555555555555555,1.0,0.041666666666666664,0.047934103497110726,0.05263157894736842,1.0,0.041666666666666664,0.04630610387058298,0.05,1.0,0.041666666666666664,0.044808643601671735,rrf_only
1.0,1.0,0.034482758620689655,1.0,0.5,1.0,0.034482758620689655,0.6131471927654584,0.3333333333333333,1.0,0.034482758620689655,0.46927872602275644,0.25,1.0,0.034482758620689655,0.3903800499921017,0.2,1.0,0.034482758620689655,0.3391602052736161,0.3333333333333333,1.0,0.06896551724137931,0.4103915680233244,0.2857142857142857,1.0,0.06896551724137931,0.3727892582642586,0.25,1.0,0.06896551724137931,0.3430427114200248,0.2222222222222222,1.0,0.06896551724137931,0.3187704634136788,0.2,1.0,0.06896551724137931,0.2984900352767555,0.18181818181818182,1.0,0.06896551724137931,0.28122478898162157,0.16666666666666666,1.0,0.06896551724137931,0.2663020437766917,0.15384615384615385,1.0,0.06896551724137931,0.25324153682437417,0.14285714285714285,1.0,0.06896551724137931,0.24169008722824994,0.13333333333333333,1.0,0.06896551724137931,0.23138144801632507,0.125,1.0,0.06896551724137931,0.22211063075011753,0.17647058823529413,1.0,0.10344827586206896,0.25150759327547134,0.16666666666666666,1.0,0.10344827586206896,0.24251121723036934,0.15789473684210525,1.0,0.10344827586206896,0.23427473960220993,0.2,1.0,0.13793103448275862,0.2590369860125767,rrf_only
1.0,1.0,0.027777777777777776,1.0,1.0,1.0,0.05555555555555555,1.0,1.0,1.0,0.08333333333333333,1.0,0.75,1.0,0.08333333333333333,0.8318724637288826,0.6,1.0,0.08333333333333333,0.7227265726449519,0.5,1.0,0.08333333333333333,0.644824486427155,0.42857142857142855,1.0,0.08333333333333333,0.5857421563596757,0.375,1.0,0.08333333333333333,0.5390031312763821,0.3333333333333333,1.0,0.08333333333333333,0.5008655546918772,0.3,1.0,0.08333333333333333,0.4690000933206748,0.2727272727272727,1.0,0.08333333333333333,0.44187221243140345,0.3333333333333333,1.0,0.1111111111111111,0.4714883739221377,0.3076923076923077,1.0,0.1111111111111111,0.4483647166710853,0.35714285714285715,1.0,0.1388888888888889,0.4735272048265606,0.3333333333333333,1.0,0.1388888888888889,0.4533301782642825,0.375,1.0,0.16666666666666666,0.4752337321823326,0.35294117647058826,1.0,0.16666666666666666,0.45727432976856813,0.3333333333333333,1.0,0.16666666666666666,0.44091771892913223,0.3157894736842105,1.0,0.16666666666666666,0.4259427047038352,0.35,1.0,0.19444444444444445,0.4445067366549396,rrf_only
1.0,1.0,0.016666666666666666,1.0,0.5,1.0,0.016666666666666666,0.6131471927654584,0.3333333333333333,1.0,0.016666666666666666,0.46927872602275644,0.25,1.0,0.016666666666666666,0.3903800499921017,0.2,1.0,0.016666666666666666,0.3391602052736161,0.16666666666666666,1.0,0.016666666666666666,0.30260241349881345,0.14285714285714285,1.0,0.016666666666666666,0.27487633291429087,0.125,1.0,0.016666666666666666,0.2529427027676571,0.1111111111111111,1.0,0.016666666666666666,0.23504554941448536,0.1,1.0,0.016666666666666666,0.22009176629808017,0.09090909090909091,1.0,0.016666666666666666,0.2073612289146658,0.08333333333333333,1.0,0.016666666666666666,0.19635793579928928,0.07692307692307693,1.0,0.016666666666666666,0.18672776492534796,0.07142857142857142,1.0,0.016666666666666666,0.17821029819465137,0.06666666666666667,1.0,0.016666666666666666,0.17060921827860473,0.0625,1.0,0.016666666666666666,0.1637733768567814,0.058823529411764705,1.0,0.016666666666666666,0.15758427078022966,0.05555555555555555,1.0,0.016666666666666666,0.15194751309721466,0.05263157894736842,1.0,0.016666666666666666,0.1467868763787456,0.05,1.0,0.016666666666666666,0.1420400396336573,rrf_only
1.0,1.0,0.03571428571428571,1.0,0.5,1.0,0.03571428571428571,0.6131471927654584,0.3333333333333333,1.0,0.03571428571428571,0.46927872602275644,0.5,1.0,0.07142857142857142,0.5585075862632192,0.4,1.0,0.07142857142857142,0.48522855511632257,0.5,1.0,0.10714285714285714,0.540715333933695,0.42857142857142855,1.0,0.10714285714285714,0.49117205121962154,0.375,1.0,0.10714285714285714,0.4519792040377807,0.3333333333333333,1.0,0.10714285714285714,0.419999071625979,0.3,1.0,0.10714285714285714,0.3932783996463063,0.36363636363636365,1.0,0.14285714285714285,0.42837236133575396,0.3333333333333333,1.0,0.14285714285714285,0.4056414647309552,0.3076923076923077,1.0,0.14285714285714285,0.385747200702289,0.2857142857142857,1.0,0.14285714285714285,0.36815159059173774,0.26666666666666666,1.0,0.14285714285714285,0.3524490768220174,0.25,1.0,0.14285714285714285,0.33832741315851605,0.23529411764705882,1.0,0.14285714285714285,0.3255417926331816,0.2777777777777778,1.0,0.17857142857142858,0.34966702710883213,0.2631578947368421,1.0,0.17857142857142858,0.3377911861519535,0.25,1.0,0.17857142857142858,0.3268675964268354,rrf_only
1.0,1.0,0.02702702702702703,1.0,0.5,1.0,0.02702702702702703,0.6131471927654584,0.3333333333333333,1.0,0.02702702702702703,0.46927872602275644,0.5,1.0,0.05405405405405406,0.5585075862632192,0.4,1.0,0.05405405405405406,0.48522855511632257,0.3333333333333333,1.0,0.05405405405405406,0.4329261794091841,0.2857142857142857,1.0,0.05405405405405406,0.3932591258696538,0.25,1.0,0.05405405405405406,0.361879195385413,0.2222222222222222,1.0,0.05405405405405406,0.33627415762678553,0.2,1.0,0.05405405405405406,0.31488013066763093,0.18181818181818182,1.0,0.05405405405405406,0.29666684926150305,0.16666666666666666,1.0,0.05405405405405406,0.2809246957397235,0.15384615384615385,1.0,0.05405405405405406,0.26714703602013445,0.14285714285714285,1.0,0.05405405405405406,0.25496129603435685,0.13333333333333333,1.0,0.05405405405405406,0.24408660918242644,0.125,1.0,0.05405405405405406,0.2343067311055167,0.11764705882352941,1.0,0.05405405405405406,0.22545212212636453,0.1111111111111111,1.0,0.05405405405405406,0.21738774504573488,0.10526315789473684,1.0,0.05405405405405406,0.2100045430678884,0.1,1.0,0.05405405405405406,0.2032133550116892,rrf_only
0.0,0.0,0.0,0.0,0.0,0.0,0.0,0.0,0.0,0.0,0.0,0.0,0.0,0.0,0.0,0.0,0.0,0.0,0.0,0.0,0.0,0.0,0.0,0.0,0.0,0.0,0.0,0.0,0.0,0.0,0.0,0.0,0.0,0.0,0.0,0.0,0.0,0.0,0.0,0.0,0.0,0.0,0.0,0.0,0.0,0.0,0.0,0.0,0.0,0.0,0.0,0.0,0.0,0.0,0.0,0.0,0.0,0.0,0.0,0.0,0.0,0.0,0.0,0.0,0.0,0.0,0.0,0.0,0.0,0.0,0.0,0.0,0.0,0.0,0.0,0.0,0.0,0.0,0.0,0.0,rrf_only
1.0,1.0,0.02857142857142857,1.0,1.0,1.0,0.05714285714285714,1.0,1.0,1.0,0.08571428571428572,1.0,0.75,1.0,0.08571428571428572,0.8318724637288826,0.6,1.0,0.08571428571428572,0.7227265726449519,0.5,1.0,0.08571428571428572,0.644824486427155,0.42857142857142855,1.0,0.08571428571428572,0.5857421563596757,0.375,1.0,0.08571428571428572,0.5390031312763821,0.3333333333333333,1.0,0.08571428571428572,0.5008655546918772,0.4,1.0,0.11428571428571428,0.5326208815196265,0.36363636363636365,1.0,0.11428571428571428,0.5018130500526851,0.3333333333333333,1.0,0.11428571428571428,0.4751851403525401,0.3076923076923077,1.0,0.11428571428571428,0.45188017903419386,0.2857142857142857,1.0,0.11428571428571428,0.43126795571152027,0.3333333333333333,1.0,0.14285714285714285,0.4555256880830329,0.3125,1.0,0.14285714285714285,0.43727402853778147,0.29411764705882354,1.0,0.14285714285714285,0.42074914885902814,0.2777777777777778,1.0,0.14285714285714285,0.40569903639722843,0.2631578947368421,1.0,0.14285714285714285,0.39192016433013815,0.3,1.0,0.17142857142857143,0.41158442709745263,rrf_only
0.0,0.0,0.0,0.0,0.5,1.0,0.05263157894736842,0.38685280723454163,0.3333333333333333,1.0,0.05263157894736842,0.2960819109658652,0.25,1.0,0.05263157894736842,0.24630238874073,0.2,1.0,0.05263157894736842,0.21398626473452756,0.16666666666666666,1.0,0.05263157894736842,0.19092086617893467,0.14285714285714285,1.0,0.05263157894736842,0.17342765698823945,0.125,1.0,0.05263157894736842,0.15958907712489634,0.1111111111111111,1.0,0.05263157894736842,0.1482972305701491,0.1,1.0,0.05263157894736842,0.13886244387355454,0.09090909090909091,1.0,0.05263157894736842,0.13083036905940468,0.08333333333333333,1.0,0.05263157894736842,0.12388806404564567,0.07692307692307693,1.0,0.05263157894736842,0.11781210270929884,0.14285714285714285,1.0,0.10526315789473684,0.15805253545051853,0.13333333333333333,1.0,0.10526315789473684,0.1513112305704774,0.125,1.0,0.10526315789473684,0.14524860635850984,0.11764705882352941,1.0,0.10526315789473684,0.13975956382011082,0.1111111111111111,1.0,0.10526315789473684,0.1347603923213481,0.10526315789473684,1.0,0.10526315789473684,0.13018348668707225,0.1,1.0,0.10526315789473684,0.13018348668707225,rrf_only
0.0,0.0,0.0,0.0,0.0,0.0,0.0,0.0,0.0,0.0,0.0,0.0,0.0,0.0,0.0,0.0,0.0,0.0,0.0,0.0,0.16666666666666666,1.0,0.02702702702702703,0.10778915452451093,0.14285714285714285,1.0,0.02702702702702703,0.0979129253499678,0.125,1.0,0.02702702702702703,0.09010000865236768,0.1111111111111111,1.0,0.02702702702702703,0.08372491399919346,0.1,1.0,0.02702702702702703,0.07839826897867533,0.09090909090909091,1.0,0.02702702702702703,0.07386356006695578,0.08333333333333333,1.0,0.02702702702702703,0.06994410797740244,0.07692307692307693,1.0,0.02702702702702703,0.0665137718990262,0.07142857142857142,1.0,0.02702702702702703,0.0634797890335986,0.06666666666666667,1.0,0.02702702702702703,0.060772229737720354,0.0625,1.0,0.02702702702702703,0.05833725389333616,0.058823529411764705,1.0,0.02702702702702703,0.0561326498270945,0.05555555555555555,1.0,0.02702702702702703,0.05412479622841819,0.10526315789473684,1.0,0.05405405405405406,0.08624982551106258,0.15,1.0,0.08108108108108109,0.11579894469051387,rrf_only
0.0,0.0,0.0,0.0,0.0,0.0,0.0,0.0,0.0,0.0,0.0,0.0,0.0,0.0,0.0,0.0,0.2,1.0,0.02564102564102564,0.13120507751234178,0.3333333333333333,1.0,0.05128205128205128,0.22485174766247445,0.2857142857142857,1.0,0.05128205128205128,0.20424960638019762,0.375,1.0,0.07692307692307693,0.26774614184997625,0.3333333333333333,1.0,0.07692307692307693,0.2488015599032468,0.3,1.0,0.07692307692307693,0.23297260855707355,0.2727272727272727,1.0,0.07692307692307693,0.21949701811390096,0.25,1.0,0.07692307692307693,0.2078497586869602,0.23076923076923078,1.0,0.07692307692307693,0.19765598330367803,0.2857142857142857,1.0,0.10256410256410256,0.23425438885689906,0.26666666666666666,1.0,0.10256410256410256,0.22426289931659713,0.25,1.0,0.10256410256410256,0.2152773026882651,0.23529411764705882,1.0,0.10256410256410256,0.20714182860949124,0.2777777777777778,1.0,0.1282051282051282,0.2355022059935986,0.2631578947368421,1.0,0.1282051282051282,0.2275037774128461,0.25,1.0,0.1282051282051282,0.22014669402152695,rrf_only
1.0,1.0,0.043478260869565216,1.0,1.0,1.0,0.08695652173913043,1.0,1.0,1.0,0.13043478260869565,1.0,0.75,1.0,0.13043478260869565,0.8318724637288826,0.6,1.0,0.13043478260869565,0.7227265726449519,0.5,1.0,0.13043478260869565,0.644824486427155,0.42857142857142855,1.0,0.13043478260869565,0.5857421563596757,0.375,1.0,0.13043478260869565,0.5390031312763821,0.4444444444444444,1.0,0.17391304347826086,0.5716213154129578,0.4,1.0,0.17391304347826086,0.5352543167750639,0.36363636363636365,1.0,0.17391304347826086,0.5042941622724632,0.3333333333333333,1.0,0.17391304347826086,0.477534596306828,0.3076923076923077,1.0,0.17391304347826086,0.4541144083631432,0.2857142857142857,1.0,0.17391304347826086,0.43340027210863713,0.26666666666666666,1.0,0.17391304347826086,0.41491475170208986,0.25,1.0,0.17391304347826086,0.3982902605120591,0.23529411764705882,1.0,0.17391304347826086,0.38323860365013684,0.2222222222222222,1.0,0.17391304347826086,0.36953023584885075,0.21052631578947367,1.0,0.17391304347826086,0.35697977506910755,0.2,1.0,0.17391304347826086,0.34543565916886104,rrf_only
0.0,0.0,0.0,0.0,0.0,0.0,0.0,0.0,0.3333333333333333,1.0,0.06666666666666667,0.23463936301137822,0.25,1.0,0.06666666666666667,0.19519002499605084,0.4,1.0,0.13333333333333333,0.30078518014914984,0.3333333333333333,1.0,0.13333333333333333,0.26836379988737025,0.2857142857142857,1.0,0.13333333333333333,0.24377484748737527,0.25,1.0,0.13333333333333333,0.22432294601898897,0.2222222222222222,1.0,0.13333333333333333,0.2084508053262215,0.2,1.0,0.13333333333333333,0.19518900079066107,0.18181818181818182,1.0,0.13333333333333333,0.18389888797457576,0.16666666666666666,1.0,0.13333333333333333,0.1741405865863796,0.15384615384615385,1.0,0.13333333333333333,0.16560004251267643,0.21428571428571427,1.0,0.2,0.20366065915870252,0.2,1.0,0.2,0.1949740626954096,0.1875,1.0,0.2,0.1949740626954096,0.23529411764705882,1.0,0.26666666666666666,0.23588828015006252,0.2222222222222222,1.0,0.26666666666666666,0.23588828015006252,0.21052631578947367,1.0,0.26666666666666666,0.23588828015006252,0.2,1.0,0.26666666666666666,0.23588828015006252,rrf_only
