P@1,HR@1,R@1,NDCG@1,P@2,HR@2,R@2,NDCG@2,P@3,HR@3,R@3,NDCG@3,P@4,HR@4,R@4,NDCG@4,P@5,HR@5,R@5,NDCG@5,P@6,HR@6,R@6,NDCG@6,P@7,HR@7,R@7,NDCG@7,P@8,HR@8,R@8,NDCG@8,P@9,HR@9,R@9,NDCG@9,P@10,HR@10,R@10,NDCG@10,P@11,HR@11,R@11,NDCG@11,P@12,HR@12,R@12,NDCG@12,P@13,HR@13,R@13,NDCG@13,P@14,HR@14,R@14,NDCG@14,P@15,HR@15,R@15,NDCG@15,P@16,HR@16,R@16,NDCG@16,P@17,HR@17,R@17,NDCG@17,P@18,HR@18,R@18,NDCG@18,P@19,HR@19,R@19,NDCG@19,P@20,HR@20,R@20,NDCG@20,rerank_failed,method
0.0,0.0,0.0,0.0,0.0,0.0,0.0,0.0,0.3333333333333333,1.0,0.058823529411764705,0.23463936301137822,0.25,1.0,0.058823529411764705,0.19519002499605084,0.2,1.0,0.058823529411764705,0.16958010263680806,0.16666666666666666,1.0,0.058823529411764705,0.15130120674940672,0.14285714285714285,1.0,0.058823529411764705,0.13743816645714543,0.125,1.0,0.058823529411764705,0.12647135138382856,0.2222222222222222,1.0,0.11764705882352941,0.1882785354283233,0.2,1.0,0.11764705882352941,0.17630010660342912,0.18181818181818182,1.0,0.11764705882352941,0.16610256429839257,0.16666666666666666,1.0,0.11764705882352941,0.157288596461893,0.15384615384615385,1.0,0.11764705882352941,0.14957454072849638,0.14285714285714285,1.0,0.11764705882352941,0.14275179439013838,0.13333333333333333,1.0,0.11764705882352941,0.136663101377946,0.125,1.0,0.11764705882352941,0.13118738735346316,0.11764705882352941,1.0,0.11764705882352941,0.126229727739799,0.1111111111111111,1.0,0.11764705882352941,0.126229727739799,0.10526315789473684,1.0,0.11764705882352941,0.126229727739799,0.1,1.0,0.11764705882352941,0.126229727739799,False,rrf_llm_working3
0.0,0.0,0.0,0.0,0.5,1.0,0.038461538461538464,0.38685280723454163,0.3333333333333333,1.0,0.038461538461538464,0.2960819109658652,0.25,1.0,0.038461538461538464,0.24630238874073,0.4,1.0,0.07692307692307693,0.34519134224686937,0.3333333333333333,1.0,0.07692307692307693,0.3079834593168982,0.2857142857142857,1.0,0.07692307692307693,0.2797643380184693,0.25,1.0,0.07692307692307693,0.25744067176005675,0.3333333333333333,1.0,0.11538461538461539,0.30998102191020854,0.3,1.0,0.11538461538461539,0.29025978496956456,0.2727272727272727,1.0,0.11538461538461539,0.2734705924177072,0.25,1.0,0.11538461538461539,0.258959311294629,0.23076923076923078,1.0,0.11538461538461539,0.24625892102512367,0.21428571428571427,1.0,0.11538461538461539,0.2350259789513657,0.2,1.0,0.11538461538461539,0.2250015793153516,0.1875,1.0,0.11538461538461539,0.2159863858142134,0.17647058823529413,1.0,0.11538461538461539,0.2078241150071323,0.16666666666666666,1.0,0.11538461538461539,0.20039028819699348,0.15789473684210525,1.0,0.11538461538461539,0.19358437569329648,0.15,1.0,0.11538461538461539,0.18732418779036095,False,rrf_llm_working3
0.0,0.0,0.0,0.0,0.0,0.0,0.0,0.0,0.0,0.0,0.0,0.0,0.0,0.0,0.0,0.0,0.0,0.0,0.0,0.0,0.0,0.0,0.0,0.0,0.0,0.0,0.0,0.0,0.0,0.0,0.0,0.0,0.0,0.0,0.0,0.0,0.0,0.0,0.0,0.0,0.0,0.0,0.0,0.0,0.0,0.0,0.0,0.0,0.07692307692307693,1.0,0.05,0.049043960636177025,0.07142857142857142,1.0,0.05,0.046806851959664796,0.06666666666666667,1.0,0.05,0.0448104318539346,0.0625,1.0,0.05,0.04301500128290471,0.058823529411764705,1.0,0.05,0.041389435449602524,0.05555555555555555,1.0,0.05,0.03990894366504131,0.05263157894736842,1.0,0.05,0.038553504830439546,0.05,1.0,0.05,0.03730675036644464,False,rrf_llm_working3
0.0,0.0,0.0,0.0,0.0,0.0,0.0,0.0,0.0,0.0,0.0,0.0,0.25,1.0,0.023255813953488372,0.16812753627111746,0.2,1.0,0.023255813953488372,0.14606834984270645,0.16666666666666666,1.0,0.023255813953488372,0.13032376591037062,0.14285714285714285,1.0,0.023255813953488372,0.11838279295536291,0.25,1.0,0.046511627906976744,0.18873103118020404,0.2222222222222222,1.0,0.046511627906976744,0.17537722349737472,0.2,1.0,0.046511627906976744,0.16421958630632802,0.18181818181818182,1.0,0.046511627906976744,0.15472080487653955,0.16666666666666666,1.0,0.046511627906976744,0.14651079196325703,0.23076923076923078,1.0,0.06976744186046512,0.18836928308561293,0.21428571428571427,1.0,0.06976744186046512,0.17977693956129392,0.2,1.0,0.06976744186046512,0.17210903878052583,0.1875,1.0,0.06976744186046512,0.16521310368254727,0.17647058823529413,1.0,0.06976744186046512,0.15896958936079145,0.2222222222222222,1.0,0.09302325581395349,0.18905307805765056,0.21052631578947367,1.0,0.09302325581395349,0.18263221445496886,0.2,1.0,0.09302325581395349,0.1767262007308617,False,rrf_llm_working3
1.0,1.0,0.045454545454545456,1.0,0.5,1.0,0.045454545454545456,0.6131471927654584,0.3333333333333333,1.0,0.045454545454545456,0.46927872602275644,0.25,1.0,0.045454545454545456,0.3903800499921017,0.2,1.0,0.045454545454545456,0.3391602052736161,0.16666666666666666,1.0,0.045454545454545456,0.30260241349881345,0.14285714285714285,1.0,0.045454545454545456,0.27487633291429087,0.125,1.0,0.045454545454545456,0.2529427027676571,0.1111111111111111,1.0,0.045454545454545456,0.23504554941448536,0.1,1.0,0.045454545454545456,0.22009176629808017,0.09090909090909091,1.0,0.045454545454545456,0.2073612289146658,0.08333333333333333,1.0,0.045454545454545456,0.19635793579928928,0.07692307692307693,1.0,0.045454545454545456,0.18672776492534796,0.07142857142857142,1.0,0.045454545454545456,0.17821029819465137,0.06666666666666667,1.0,0.045454545454545456,0.17060921827860473,0.0625,1.0,0.045454545454545456,0.1637733768567814,0.058823529411764705,1.0,0.045454545454545456,0.15758427078022966,0.05555555555555555,1.0,0.045454545454545456,0.15194751309721466,0.05263157894736842,1.0,0.045454545454545456,0.1467868763787456,0.05,1.0,0.045454545454545456,0.1420400396336573,False,rrf_llm_working3
0.0,0.0,0.0,0.0,0.0,0.0,0.0,0.0,0.0,0.0,0.0,0.0,0.0,0.0,0.0,0.0,0.0,0.0,0.0,0.0,0.0,0.0,0.0,0.0,0.0,0.0,0.0,0.0,0.0,0.0,0.0,0.0,0.0,0.0,0.0,0.0,0.0,0.0,0.0,0.0,0.09090909090909091,1.0,0.016666666666666666,0.057841952007295125,0.08333333333333333,1.0,0.016666666666666666,0.0547726610138292,0.07692307692307693,1.0,0.016666666666666666,0.052086392783128294,0.07142857142857142,1.0,0.016666666666666666,0.049710505523782283,0.06666666666666667,1.0,0.016666666666666666,0.04759023790187059,0.0625,1.0,0.016666666666666666,0.045683428159663184,0.058823529411764705,1.0,0.016666666666666666,0.043957020679722535,0.05555555555555555,1.0,0.016666666666666666,0.04238468688770069,0.05263157894736842,1.0,0.016666666666666666,0.04094516368001556,0.05,1.0,0.016666666666666666,0.039621067055815605,False,rrf_llm_working3
0.0,0.0,0.0,0.0,0.0,0.0,0.0,0.0,0.0,0.0,0.0,0.0,0.0,0.0,0.0,0.0,0.0,0.0,0.0,0.0,0.0,0.0,0.0,0.0,0.0,0.0,0.0,0.0,0.0,0.0,0.0,0.0,0.0,0.0,0.0,0.0,0.0,0.0,0.0,0.0,0.0,0.0,0.0,0.0,0.0,0.0,0.0,0.0,0.0,0.0,0.0,0.0,0.0,0.0,0.0,0.0,0.0,0.0,0.0,0.0,0.0,0.0,0.0,0.0,0.0,0.0,0.0,0.0,0.0,0.0,0.0,0.0,0.0,0.0,0.0,0.0,0.0,0.0,0.0,0.0,False,rrf_llm_working3
1.0,1.0,0.024390243902439025,1.0,1.0,1.0,0.04878048780487805,1.0,0.6666666666666666,1.0,0.04878048780487805,0.7653606369886217,0.75,1.0,0.07317073170731707,0.8048099750039491,0.8,1.0,0.0975609756097561,0.830419897363192,0.6666666666666666,1.0,0.0975609756097561,0.7409096387260823,0.7142857142857143,1.0,0.12195121951219512,0.7646489081928868,0.625,1.0,0.12195121951219512,0.7036341014013555,0.5555555555555556,1.0,0.12195121951219512,0.6538479352874086,0.5,1.0,0.12195121951219512,0.6122496142821665,0.45454545454545453,1.0,0.12195121951219512,0.5768359014763725,0.5,1.0,0.14634146341463414,0.599290429916092,0.46153846153846156,1.0,0.14634146341463414,0.5698988536616496,0.42857142857142855,1.0,0.14634146341463414,0.5439032845085252,0.4,1.0,0.14634146341463414,0.520704555961234,0.375,1.0,0.14634146341463414,0.4998413587196913,0.35294117647058826,1.0,0.14634146341463414,0.4809520175463135,0.3333333333333333,1.0,0.14634146341463414,0.4637484605755383,0.3684210526315789,1.0,0.17073170731707318,0.4819613245328369,0.35,1.0,0.17073170731707318,0.4663755188978642,False,rrf_llm_working3
0.0,0.0,0.0,0.0,0.0,0.0,0.0,0.0,0.0,0.0,0.0,0.0,0.25,1.0,0.06666666666666667,0.16812753627111746,0.2,1.0,0.06666666666666667,0.14606834984270645,0.16666666666666666,1.0,0.06666666666666667,0.13032376591037062,0.14285714285714285,1.0,0.06666666666666667,0.11838279295536291,0.25,1.0,0.13333333333333333,0.18873103118020404,0.2222222222222222,1.0,0.13333333333333333,0.17537722349737472,0.2,1.0,0.13333333333333333,0.16421958630632802,0.18181818181818182,1.0,0.13333333333333333,0.15472080487653955,0.16666666666666666,1.0,0.13333333333333333,0.14651079196325703,0.15384615384615385,1.0,0.13333333333333333,0.1393253224494359,0.14285714285714285,1.0,0.13333333333333333,0.13297008760162912,0.13333333333333333,1.0,0.13333333333333333,0.12729860692659123,0.125,1.0,0.13333333333333333,0.12729860692659123,0.17647058823529413,1.0,0.2,0.16821282438124419,0.16666666666666666,1.0,0.2,0.16821282438124419,0.21052631578947367,1.0,0.26666666666666666,0.20768808045513107,0.2,1.0,0.26666666666666666,0.20768808045513107,False,rrf_llm_working3
0.0,0.0,0.0,0.0,0.0,0.0,0.0,0.0,0.0,0.0,0.0,0.0,0.0,0.0,0.0,0.0,0.0,0.0,0.0,0.0,0.0,0.0,0.0,0.0,0.0,0.0,0.0,0.0,0.0,0.0,0.0,0.0,0.0,0.0,0.0,0.0,0.0,0.0,0.0,0.0,0.0,0.0,0.0,0.0,0.0,0.0,0.0,0.0,0.0,0.0,0.0,0.0,0.0,0.0,0.0,0.0,0.0,0.0,0.0,0.0,0.0,0.0,0.0,0.0,0.0,0.0,0.0,0.0,0.0,0.0,0.0,0.0,0.0,0.0,0.0,0.0,0.05,1.0,0.05263157894736842,0.033419004650597904,False,rrf_llm_working3
1.0,1.0,0.043478260869565216,1.0,1.0,1.0,0.08695652173913043,1.0,1.0,1.0,0.13043478260869565,1.0,0.75,1.0,0.13043478260869565,0.8318724637288826,0.6,1.0,0.13043478260869565,0.7227265726449519,0.5,1.0,0.13043478260869565,0.644824486427155,0.42857142857142855,1.0,0.13043478260869565,0.5857421563596757,0.375,1.0,0.13043478260869565,0.5390031312763821,0.4444444444444444,1.0,0.17391304347826086,0.5716213154129578,0.4,1.0,0.17391304347826086,0.5352543167750639,0.36363636363636365,1.0,0.17391304347826086,0.5042941622724632,0.3333333333333333,1.0,0.17391304347826086,0.477534596306828,0.3076923076923077,1.0,0.17391304347826086,0.4541144083631432,0.35714285714285715,1.0,0.21739130434782608,0.47901462803530837,0.3333333333333333,1.0,0.21739130434782608,0.4585835502270282,0.3125,1.0,0.21739130434782608,0.4402093705687545,0.29411764705882354,1.0,0.21739130434782608,0.42357356234013954,0.2777777777777778,1.0,0.21739130434782608,0.4084224211759774,0.3157894736842105,1.0,0.2608695652173913,0.42851433918683046,0.3,1.0,0.2608695652173913,0.41465691772497687,False,rrf_llm_working3
0.0,0.0,0.0,0.0,0.5,1.0,0.034482758620689655,0.38685280723454163,0.6666666666666666,1.0,0.06896551724137931,0.5307212739772434,0.5,1.0,0.06896551724137931,0.44149241373678083,0.4,1.0,0.06896551724137931,0.38356636737133565,0.3333333333333333,1.0,0.06896551724137931,0.3422220729283414,0.2857142857142857,1.0,0.06896551724137931,0.3108658234453849,0.375,1.0,0.10344827586206896,0.36585496707117304,0.3333333333333333,1.0,0.10344827586206896,0.3399686205624663,0.3,1.0,0.10344827586206896,0.31833954895937183,0.2727272727272727,1.0,0.10344827586206896,0.2999261680464399,0.25,1.0,0.10344827586206896,0.28401106396811315,0.23076923076923078,1.0,0.10344827586206896,0.2700820365266222,0.21428571428571427,1.0,0.10344827586206896,0.25776241838309666,0.26666666666666666,1.0,0.13793103448275862,0.28942056177726216,0.3125,1.0,0.1724137931034483,0.3178915225278519,0.29411764705882354,1.0,0.1724137931034483,0.30587818805602296,0.2777777777777778,1.0,0.1724137931034483,0.294936986766993,0.3157894736842105,1.0,0.20689655172413793,0.3188832429495259,0.3,1.0,0.20689655172413793,0.30857110379670377,False,rrf_llm_working3
0.0,0.0,0.0,0.0,0.0,0.0,0.0,0.0,0.0,0.0,0.0,0.0,0.0,0.0,0.0,0.0,0.0,0.0,0.0,0.0,0.0,0.0,0.0,0.0,0.0,0.0,0.0,0.0,0.0,0.0,0.0,0.0,0.0,0.0,0.0,0.0,0.0,0.0,0.0,0.0,0.0,0.0,0.0,0.0,0.0,0.0,0.0,0.0,0.0,0.0,0.0,0.0,0.0,0.0,0.0,0.0,0.0,0.0,0.0,0.0,0.0,0.0,0.0,0.0,0.0,0.0,0.0,0.0,0.0,0.0,0.0,0.0,0.0,0.0,0.0,0.0,0.0,0.0,0.0,0.0,False,rrf_llm_working3
0.0,0.0,0.0,0.0,0.5,1.0,0.016129032258064516,0.38685280723454163,0.6666666666666666,1.0,0.03225806451612903,0.5307212739772434,0.5,1.0,0.03225806451612903,0.44149241373678083,0.4,1.0,0.03225806451612903,0.38356636737133565,0.3333333333333333,1.0,0.03225806451612903,0.3422220729283414,0.42857142857142855,1.0,0.04838709677419355,0.4024912677501485,0.5,1.0,0.06451612903225806,0.4501692013270588,0.5555555555555556,1.0,0.08064516129032258,0.48907289775504204,0.5,1.0,0.08064516129032258,0.457957694513121,0.5454545454545454,1.0,0.0967741935483871,0.4893104795330166,0.5833333333333334,1.0,0.11290322580645161,0.5164094049881786,0.5384615384615384,1.0,0.11290322580645161,0.49108264245778666,0.5714285714285714,1.0,0.12903225806451613,0.5142965799419782,0.6,1.0,0.14516129032258066,0.5350129501448142,0.625,1.0,0.16129032258064516,0.5536437003943165,0.5882352941176471,1.0,0.16129032258064516,0.5327211325379332,0.6111111111111112,1.0,0.1774193548387097,0.5494356036792231,0.631578947368421,1.0,0.1935483870967742,0.5647382507597329,0.6,1.0,0.1935483870967742,0.5464755807840719,False,rrf_llm_working3
0.0,0.0,0.0,0.0,0.0,0.0,0.0,0.0,0.3333333333333333,1.0,0.05,0.23463936301137822,0.25,1.0,0.05,0.19519002499605084,0.2,1.0,0.05,0.16958010263680806,0.3333333333333333,1.0,0.1,0.25909036127391766,0.42857142857142855,1.0,0.15,0.3269765361118768,0.5,1.0,0.2,0.3806801328545301,0.4444444444444444,1.0,0.2,0.3537448204630058,0.5,1.0,0.25,0.39486008436280445,0.45454545454545453,1.0,0.25,0.3720206063134946,0.4166666666666667,1.0,0.25,0.3522799257742602,0.38461538461538464,1.0,0.25,0.33500272296167205,0.35714285714285715,1.0,0.25,0.31972178952009433,0.4,1.0,0.3,0.34873722294558057,0.4375,1.0,0.35,0.3748315284749002,0.47058823529411764,1.0,0.4,0.39845706554475113,0.5,1.0,0.45,0.41997413536819084,0.47368421052631576,1.0,0.45,0.40571043404389384,0.45,1.0,0.45,0.3925904519058712,False,rrf_llm_working3
0.0,0.0,0.0,0.0,0.5,1.0,0.027777777777777776,0.38685280723454163,0.6666666666666666,1.0,0.05555555555555555,0.5307212739772434,0.5,1.0,0.05555555555555555,0.44149241373678083,0.6,1.0,0.08333333333333333,0.5147714448836774,0.5,1.0,0.08333333333333333,0.4592846660663049,0.5714285714285714,1.0,0.1111111111111111,0.5088279487803783,0.5,1.0,0.1111111111111111,0.46822625739977103,0.5555555555555556,1.0,0.1388888888888889,0.5058523130889463,0.6,1.0,0.16666666666666666,0.5372903784169164,0.6363636363636364,1.0,0.19444444444444445,0.5640544061418388,0.6666666666666666,1.0,0.2222222222222222,0.5871871642600511,0.6923076923076923,1.0,0.25,0.6074331407261898,0.6428571428571429,1.0,0.25,0.5797254692434497,0.6,1.0,0.25,0.554998841962494,0.5625,1.0,0.25,0.5327615671468051,0.5294117647058824,1.0,0.25,0.512628149152591,0.5,1.0,0.25,0.4942915433228413,0.47368421052631576,1.0,0.25,0.4775037786789503,0.5,1.0,0.2777777777777778,0.49440041360792736,False,rrf_llm_working3
0.0,0.0,0.0,0.0,0.0,0.0,0.0,0.0,0.0,0.0,0.0,0.0,0.0,0.0,0.0,0.0,0.0,0.0,0.0,0.0,0.0,0.0,0.0,0.0,0.0,0.0,0.0,0.0,0.0,0.0,0.0,0.0,0.0,0.0,0.0,0.0,0.0,0.0,0.0,0.0,0.09090909090909091,1.0,0.058823529411764705,0.057841952007295125,0.08333333333333333,1.0,0.058823529411764705,0.0547726610138292,0.07692307692307693,1.0,0.058823529411764705,0.052086392783128294,0.07142857142857142,1.0,0.058823529411764705,0.049710505523782283,0.06666666666666667,1.0,0.058823529411764705,0.04759023790187059,0.0625,1.0,0.058823529411764705,0.045683428159663184,0.058823529411764705,1.0,0.058823529411764705,0.043957020679722535,0.05555555555555555,1.0,0.058823529411764705,0.043957020679722535,0.05263157894736842,1.0,0.058823529411764705,0.043957020679722535,0.05,1.0,0.058823529411764705,0.043957020679722535,False,rrf_llm_working3
1.0,1.0,0.023809523809523808,1.0,1.0,1.0,0.047619047619047616,1.0,0.6666666666666666,1.0,0.047619047619047616,0.7653606369886217,0.5,1.0,0.047619047619047616,0.6366824387328317,0.4,1.0,0.047619047619047616,0.5531464700081437,0.3333333333333333,1.0,0.047619047619047616,0.4935232796777481,0.2857142857142857,1.0,0.047619047619047616,0.4483039899025303,0.375,1.0,0.07142857142857142,0.4923263184550016,0.3333333333333333,1.0,0.07142857142857142,0.45749139526970894,0.4,1.0,0.09523809523809523,0.4920062203073637,0.36363636363636365,1.0,0.09523809523809523,0.4635476201250545,0.4166666666666667,1.0,0.11904761904761904,0.4920136106532764,0.38461538461538464,1.0,0.11904761904761904,0.4678833144999338,0.42857142857142855,1.0,0.14285714285714285,0.4921554743868544,0.4666666666666667,1.0,0.16666666666666666,0.5138162137673363,0.5,1.0,0.19047619047619047,0.533296258855644,0.47058823529411764,1.0,0.19047619047619047,0.5131426345020829,0.5,1.0,0.21428571428571427,0.530557424581799,0.47368421052631576,1.0,0.21428571428571427,0.5125379514707027,0.5,1.0,0.23809523809523808,0.5283016411197996,False,rrf_llm_working3
0.0,0.0,0.0,0.0,0.0,0.0,0.0,0.0,0.0,0.0,0.0,0.0,0.0,0.0,0.0,0.0,0.0,0.0,0.0,0.0,0.0,0.0,0.0,0.0,0.0,0.0,0.0,0.0,0.0,0.0,0.0,0.0,0.1111111111111111,1.0,0.0625,0.07075576072108061,0.1,1.0,0.0625,0.06625422345438903,0.09090909090909091,1.0,0.0625,0.06242194984105966,0.08333333333333333,1.0,0.0625,0.059109628562248356,0.07692307692307693,1.0,0.0625,0.056210658265822395,0.07142857142857142,1.0,0.0625,0.0536466452928127,0.13333333333333333,1.0,0.125,0.0940107968082948,0.125,1.0,0.125,0.09024404313926782,0.11764705882352941,1.0,0.125,0.09024404313926782,0.1111111111111111,1.0,0.125,0.09024404313926782,0.10526315789473684,1.0,0.125,0.09024404313926782,0.1,1.0,0.125,0.09024404313926782,False,rrf_llm_working3
1.0,1.0,0.022222222222222223,1.0,1.0,1.0,0.044444444444444446,1.0,0.6666666666666666,1.0,0.044444444444444446,0.7653606369886217,0.5,1.0,0.044444444444444446,0.6366824387328317,0.6,1.0,0.06666666666666667,0.6843515475204855,0.5,1.0,0.06666666666666667,0.6105858728157117,0.42857142857142855,1.0,0.06666666666666667,0.5546406709327603,0.375,1.0,0.06666666666666667,0.510383374527714,0.4444444444444444,1.0,0.08888888888888889,0.545026571324694,0.4,1.0,0.08888888888888889,0.5103515512676448,0.36363636363636365,1.0,0.08888888888888889,0.48083182133237307,0.4166666666666667,1.0,0.1111111111111111,0.5083806532714764,0.46153846153846156,1.0,0.13333333333333333,0.5324916131604132,0.42857142857142855,1.0,0.13333333333333333,0.5082023511897469,0.4666666666666667,1.0,0.15555555555555556,0.5291786542934401,0.5,1.0,0.17777777777777778,0.5480431687067455,0.47058823529411764,1.0,0.17777777777777778,0.5273322487101347,0.4444444444444444,1.0,0.17777777777777778,0.5084696801955153,0.47368421052631576,1.0,0.2,0.5251636646176292,0.45,1.0,0.2,0.5081807691307058,False,rrf_llm_working3
1.0,1.0,0.02857142857142857,1.0,1.0,1.0,0.05714285714285714,1.0,0.6666666666666666,1.0,0.05714285714285714,0.7653606369886217,0.75,1.0,0.08571428571428572,0.8048099750039491,0.6,1.0,0.08571428571428572,0.6992148198508501,0.6666666666666666,1.0,0.11428571428571428,0.7316362001126298,0.5714285714285714,1.0,0.11428571428571428,0.6645997082078611,0.625,1.0,0.14285714285714285,0.6913628197251253,0.6666666666666666,1.0,0.17142857142857143,0.7132006782022833,0.6,1.0,0.17142857142857143,0.6678262889110271,0.5454545454545454,1.0,0.17142857142857143,0.6291979127586256,0.5,1.0,0.17142857142857143,0.5958105283478429,0.46153846153846156,1.0,0.17142857142857143,0.5665896202489314,0.42857142857142855,1.0,0.17142857142857143,0.5407449996465392,0.4,1.0,0.17142857142857143,0.5176809792270991,0.375,1.0,0.17142857142857143,0.49693892837664716,0.35294117647058826,1.0,0.17142857142857143,0.47815927199830544,0.3333333333333333,1.0,0.17142857142857143,0.46105561097429254,0.3684210526315789,1.0,0.2,0.4793599329505231,0.35,1.0,0.2,0.46385825187393004,False,rrf_llm_working3
1.0,1.0,0.03571428571428571,1.0,0.5,1.0,0.03571428571428571,0.6131471927654584,0.6666666666666666,1.0,0.07142857142857142,0.7039180890341347,0.75,1.0,0.10714285714285714,0.75369761125927,0.6,1.0,0.10714285714285714,0.6548086577531307,0.5,1.0,0.10714285714285714,0.5842273861585908,0.42857142857142855,1.0,0.10714285714285714,0.5306972923267992,0.5,1.0,0.14285714285714285,0.5681450853316897,0.4444444444444444,1.0,0.14285714285714285,0.5279455476191027,0.5,1.0,0.17857142857142858,0.5579780239523999,0.5454545454545454,1.0,0.21428571428571427,0.583545437877115,0.5,1.0,0.21428571428571427,0.5525805292839806,0.46153846153846156,1.0,0.21428571428571427,0.5254797915574592,0.42857142857142855,1.0,0.21428571428571427,0.5015103693130842,0.4,1.0,0.21428571428571427,0.48011979629630436,0.375,1.0,0.21428571428571427,0.46088271858107727,0.4117647058823529,1.0,0.25,0.4812563232929212,0.3888888888888889,1.0,0.25,0.4640418813667714,0.3684210526315789,1.0,0.25,0.4482814946182454,0.35,1.0,0.25,0.43378483712887667,False,rrf_llm_working3
0.0,0.0,0.0,0.0,0.0,0.0,0.0,0.0,0.3333333333333333,1.0,0.00625,0.23463936301137822,0.25,1.0,0.00625,0.19519002499605084,0.2,1.0,0.00625,0.16958010263680806,0.3333333333333333,1.0,0.0125,0.25909036127391766,0.42857142857142855,1.0,0.01875,0.3269765361118768,0.5,1.0,0.025,0.3806801328545301,0.4444444444444444,1.0,0.025,0.3537448204630058,0.5,1.0,0.03125,0.39486008436280445,0.5454545454545454,1.0,0.0375,0.42986255832078973,0.5,1.0,0.0375,0.4070525867880894,0.5384615384615384,1.0,0.04375,0.43613307638097737,0.5,1.0,0.04375,0.4162391470035414,0.4666666666666667,1.0,0.04375,0.39848558813173457,0.5,1.0,0.05,0.4225866137032728,0.47058823529411764,1.0,0.05,0.40661678131087164,0.5,1.0,0.05625,0.42784197974189264,0.47368421052631576,1.0,0.05625,0.41331106057544414,0.45,1.0,0.05625,0.3999452871637346,False,rrf_llm_working3
0.0,0.0,0.0,0.0,0.5,1.0,0.022222222222222223,0.38685280723454163,0.6666666666666666,1.0,0.044444444444444446,0.5307212739772434,0.5,1.0,0.044444444444444446,0.44149241373678083,0.4,1.0,0.044444444444444446,0.38356636737133565,0.3333333333333333,1.0,0.044444444444444446,0.3422220729283414,0.2857142857142857,1.0,0.044444444444444446,0.3108658234453849,0.375,1.0,0.06666666666666667,0.36585496707117304,0.3333333333333333,1.0,0.06666666666666667,0.3399686205624663,0.4,1.0,0.08888888888888889,0.38196033715832356,0.36363636363636365,1.0,0.08888888888888889,0.35986700566772156,0.3333333333333333,1.0,0.08888888888888889,0.34077123657607367,0.3076923076923077,1.0,0.08888888888888889,0.3240584654634953,0.2857142857142857,1.0,0.08888888888888889,0.30927674727879256,0.26666666666666666,1.0,0.08888888888888889,0.29608538125754646,0.25,1.0,0.08888888888888889,0.28422205561771197,0.23529411764705882,1.0,0.08888888888888889,0.2734811129487951,0.2222222222222222,1.0,0.08888888888888889,0.2636987485228208,0.2631578947368421,1.0,0.1111111111111111,0.28870595789910575,0.25,1.0,0.1111111111111111,0.2793697005763099,False,rrf_llm_working3
0.0,0.0,0.0,0.0,0.0,0.0,0.0,0.0,0.0,0.0,0.0,0.0,0.0,0.0,0.0,0.0,0.2,1.0,0.03125,0.13120507751234178,0.16666666666666666,1.0,0.03125,0.11706259313796354,0.14285714285714285,1.0,0.03125,0.10633668103022985,0.125,1.0,0.03125,0.09785159463516042,0.1111111111111111,1.0,0.03125,0.09092803061897883,0.1,1.0,0.03125,0.08514311764162098,0.09090909090909091,1.0,0.03125,0.08021827351724287,0.08333333333333333,1.0,0.03125,0.07596161868673496,0.07692307692307693,1.0,0.03125,0.07223616005000244,0.07142857142857142,1.0,0.03125,0.06894115413470564,0.06666666666666667,1.0,0.03125,0.0660006550311689,0.125,1.0,0.0625,0.10342343601987049,0.11764705882352941,1.0,0.0625,0.0995149948030285,0.1111111111111111,1.0,0.0625,0.09595536344671458,0.10526315789473684,1.0,0.0625,0.0926964040742085,0.1,1.0,0.0625,0.08969876077085445,False,rrf_llm_working3
1.0,1.0,0.03125,1.0,1.0,1.0,0.0625,1.0,1.0,1.0,0.09375,1.0,0.75,1.0,0.09375,0.8318724637288826,0.6,1.0,0.09375,0.7227265726449519,0.6666666666666666,1.0,0.125,0.7526136409516659,0.5714285714285714,1.0,0.125,0.6836550817096436,0.5,1.0,0.125,0.6291031399287498,0.5555555555555556,1.0,0.15625,0.6553462294121513,0.5,1.0,0.15625,0.6136525857537393,0.45454545454545453,1.0,0.15625,0.578157722339419,0.5,1.0,0.1875,0.6005421104617886,0.46153846153846156,1.0,0.1875,0.5710891468359339,0.5,1.0,0.21875,0.5906536391529719,0.4666666666666667,1.0,0.21875,0.5654609002406464,0.4375,1.0,0.21875,0.5428044395681971,0.4117647058823529,1.0,0.21875,0.5222914946696584,0.3888888888888889,1.0,0.21875,0.5036092329136079,0.3684210526315789,1.0,0.21875,0.4865050089210032,0.35,1.0,0.21875,0.4707722682973999,False,rrf_llm_working3
0.0,0.0,0.0,0.0,0.0,0.0,0.0,0.0,0.0,0.0,0.0,0.0,0.0,0.0,0.0,0.0,0.0,0.0,0.0,0.0,0.0,0.0,0.0,0.0,0.14285714285714285,1.0,0.058823529411764705,0.09162544430476362,0.125,1.0,0.058823529411764705,0.0843142342558857,0.1111111111111111,1.0,0.058823529411764705,0.07834851647149511,0.1,1.0,0.058823529411764705,0.07336392209936005,0.09090909090909091,1.0,0.058823529411764705,0.06912040963822193,0.08333333333333333,1.0,0.058823529411764705,0.06545264526642976,0.07692307692307693,1.0,0.058823529411764705,0.062242588308449316,0.07142857142857142,1.0,0.058823529411764705,0.05940343273155045,0.06666666666666667,1.0,0.058823529411764705,0.056869739426201577,0.125,1.0,0.11764705882352941,0.09465837105147124,0.11764705882352941,1.0,0.11764705882352941,0.09108116753576506,0.1111111111111111,1.0,0.11764705882352941,0.09108116753576506,0.10526315789473684,1.0,0.11764705882352941,0.09108116753576506,0.1,1.0,0.11764705882352941,0.09108116753576506,False,rrf_llm_working3
1.0,1.0,0.0625,1.0,1.0,1.0,0.125,1.0,0.6666666666666666,1.0,0.125,0.7653606369886217,0.5,1.0,0.125,0.6366824387328317,0.6,1.0,0.1875,0.6843515475204855,0.5,1.0,0.1875,0.6105858728157117,0.42857142857142855,1.0,0.1875,0.5546406709327603,0.375,1.0,0.1875,0.510383374527714,0.3333333333333333,1.0,0.1875,0.4742708106036133,0.3,1.0,0.1875,0.4440973278132557,0.2727272727272727,1.0,0.1875,0.4184098714913134,0.25,1.0,0.1875,0.39620761853166997,0.23076923076923078,1.0,0.1875,0.3767760276846493,0.21428571428571427,1.0,0.1875,0.3595896318532044,0.2,1.0,0.1875,0.34425230535531276,0.1875,1.0,0.1875,0.3304590637459223,0.17647058823529413,1.0,0.1875,0.3304590637459223,0.16666666666666666,1.0,0.1875,0.3304590637459223,0.15789473684210525,1.0,0.1875,0.3304590637459223,0.15,1.0,0.1875,0.3304590637459223,False,rrf_llm_working3
0.0,0.0,0.0,0.0,0.5,1.0,0.0625,0.38685280723454163,0.6666666666666666,1.0,0.125,0.5307212739772434,0.75,1.0,0.1875,0.6096199500078984,0.8,1.0,0.25,0.6608397947263839,0.8333333333333334,1.0,0.3125,0.6973975865011866,0.7142857142857143,1.0,0.3125,0.6334982227809455,0.625,1.0,0.3125,0.5829485244140089,0.6666666666666666,1.0,0.375,0.6124573188289449,0.7,1.0,0.4375,0.6371130896657825,0.6363636363636364,1.0,0.4375,0.6002612249101149,0.6666666666666666,1.0,0.5,0.621472725897629,0.6153846153846154,1.0,0.5,0.590993241992248,0.5714285714285714,1.0,0.5,0.5640354659017563,0.5333333333333333,1.0,0.5,0.5399780534220295,0.5,1.0,0.5,0.5183426202273816,0.47058823529411764,1.0,0.5,0.5183426202273816,0.4444444444444444,1.0,0.5,0.5183426202273816,0.42105263157894735,1.0,0.5,0.5183426202273816,0.4,1.0,0.5,0.5183426202273816,False,rrf_llm_working3
0.0,0.0,0.0,0.0,0.0,0.0,0.0,0.0,0.0,0.0,0.0,0.0,0.25,1.0,0.04,0.16812753627111746,0.4,1.0,0.08,0.27727342735504823,0.5,1.0,0.12,0.3551755135728451,0.5714285714285714,1.0,0.16,0.41425784364032414,0.5,1.0,0.16,0.38120233016116967,0.4444444444444444,1.0,0.16,0.3542300693019676,0.4,1.0,0.16,0.3316936730892071,0.36363636363636365,1.0,0.16,0.3125078635692578,0.3333333333333333,1.0,0.16,0.29592513187100133,0.3076923076923077,1.0,0.16,0.28141179135226446,0.2857142857142857,1.0,0.16,0.26857537373956014,0.26666666666666666,1.0,0.16,0.2571200150989125,0.25,1.0,0.16,0.24681792434832497,0.23529411764705882,1.0,0.16,0.2374905089606459,0.2222222222222222,1.0,0.16,0.22899552120330804,0.21052631578947367,1.0,0.16,0.22121808101361132,0.2,1.0,0.16,0.21406426630252057,False,rrf_llm_working3
0.0,0.0,0.0,0.0,0.5,1.0,0.058823529411764705,0.38685280723454163,0.6666666666666666,1.0,0.11764705882352941,0.5307212739772434,0.5,1.0,0.11764705882352941,0.44149241373678083,0.6,1.0,0.17647058823529413,0.5147714448836774,0.5,1.0,0.17647058823529413,0.4592846660663049,0.42857142857142855,1.0,0.17647058823529413,0.41720250447561474,0.5,1.0,0.23529411764705882,0.46370656170633345,0.4444444444444444,1.0,0.23529411764705882,0.4308966511814451,0.4,1.0,0.23529411764705882,0.40348266660099286,0.45454545454545453,1.0,0.29411764705882354,0.43798639357097796,0.4166666666666667,1.0,0.29411764705882354,0.4147453436686773,0.38461538461538464,1.0,0.29411764705882354,0.394404589359753,0.35714285714285715,1.0,0.29411764705882354,0.37641407804158467,0.3333333333333333,1.0,0.29411764705882354,0.3603591501406505,0.3125,1.0,0.29411764705882354,0.3459205516281021,0.29411764705882354,1.0,0.29411764705882354,0.33284798129233956,0.2777777777777778,1.0,0.29411764705882354,0.33284798129233956,0.2631578947368421,1.0,0.29411764705882354,0.33284798129233956,0.25,1.0,0.29411764705882354,0.33284798129233956,False,rrf_llm_working3
1.0,1.0,0.01639344262295082,1.0,0.5,1.0,0.01639344262295082,0.6131471927654584,0.6666666666666666,1.0,0.03278688524590164,0.7039180890341347,0.75,1.0,0.04918032786885246,0.75369761125927,0.6,1.0,0.04918032786885246,0.6548086577531307,0.6666666666666666,1.0,0.06557377049180328,0.6920165406831017,0.5714285714285714,1.0,0.06557377049180328,0.628610217676767,0.5,1.0,0.06557377049180328,0.5784505554216093,0.4444444444444444,1.0,0.06557377049180328,0.5375218463332216,0.4,1.0,0.06557377049180328,0.5033242827953464,0.36363636363636365,1.0,0.06557377049180328,0.4742110237857917,0.3333333333333333,1.0,0.06557377049180328,0.44904777161677056,0.38461538461538464,1.0,0.08196721311475409,0.47606865101801166,0.35714285714285715,1.0,0.08196721311475409,0.45435308612494585,0.3333333333333333,1.0,0.08196721311475409,0.4349738799133837,0.375,1.0,0.09836065573770492,0.4576129201426923,0.35294117647058826,1.0,0.09836065573770492,0.4403194200688648,0.3888888888888889,1.0,0.11475409836065574,0.4603390818875298,0.3684210526315789,1.0,0.11475409836065574,0.44470445437365136,0.4,1.0,0.13114754098360656,0.4626617634014814,False,rrf_llm_working3
0.0,0.0,0.0,0.0,0.0,0.0,0.0,0.0,0.3333333333333333,1.0,0.058823529411764705,0.23463936301137822,0.25,1.0,0.058823529411764705,0.19519002499605084,0.2,1.0,0.058823529411764705,0.16958010263680806,0.16666666666666666,1.0,0.058823529411764705,0.15130120674940672,0.14285714285714285,1.0,0.058823529411764705,0.13743816645714543,0.125,1.0,0.058823529411764705,0.12647135138382856,0.1111111111111111,1.0,0.058823529411764705,0.11752277470724268,0.2,1.0,0.11764705882352941,0.1736666713479918,0.18181818181818182,1.0,0.11764705882352941,0.16362145207861456,0.16666666666666666,1.0,0.11764705882352941,0.15493914050760518,0.15384615384615385,1.0,0.11764705882352941,0.1473403113995471,0.14285714285714285,1.0,0.11764705882352941,0.14061947799302157,0.13333333333333333,1.0,0.11764705882352941,0.13462173318923787,0.125,1.0,0.11764705882352941,0.12922781116499021,0.11764705882352941,1.0,0.11764705882352941,0.12434420525363292,0.1111111111111111,1.0,0.11764705882352941,0.12434420525363292,0.15789473684210525,1.0,0.17647058823529413,0.16080577224884612,0.15,1.0,0.17647058823529413,0.16080577224884612,False,rrf_llm_working3
1.0,1.0,0.02857142857142857,1.0,1.0,1.0,0.05714285714285714,1.0,0.6666666666666666,1.0,0.05714285714285714,0.7653606369886217,0.5,1.0,0.05714285714285714,0.6366824387328317,0.4,1.0,0.05714285714285714,0.5531464700081437,0.3333333333333333,1.0,0.05714285714285714,0.4935232796777481,0.2857142857142857,1.0,0.05714285714285714,0.4483039899025303,0.375,1.0,0.08571428571428572,0.4923263184550016,0.4444444444444444,1.0,0.11428571428571428,0.5282471559907896,0.5,1.0,0.14285714285714285,0.5582604437617528,0.45454545454545453,1.0,0.14285714285714285,0.5259695699661142,0.5,1.0,0.17142857142857143,0.5511232392155248,0.46153846153846156,1.0,0.17142857142857143,0.5240939727657562,0.5,1.0,0.2,0.5458021196796672,0.4666666666666667,1.0,0.2,0.5225224014363288,0.4375,1.0,0.2,0.5015863681339771,0.4117647058823529,1.0,0.2,0.48263108188102116,0.3888888888888889,1.0,0.2,0.4653674651165744,0.42105263157894735,1.0,0.22857142857142856,0.48352534236095135,0.4,1.0,0.22857142857142856,0.46788895906209194,False,rrf_llm_working3
0.0,0.0,0.0,0.0,0.5,1.0,0.023809523809523808,0.38685280723454163,0.3333333333333333,1.0,0.023809523809523808,0.2960819109658652,0.25,1.0,0.023809523809523808,0.24630238874073,0.4,1.0,0.047619047619047616,0.34519134224686937,0.3333333333333333,1.0,0.047619047619047616,0.3079834593168982,0.42857142857142855,1.0,0.07142857142857142,0.3713897823232329,0.375,1.0,0.07142857142857142,0.34175490601594244,0.4444444444444444,1.0,0.09523809523809523,0.38832953838170364,0.4,1.0,0.09523809523809523,0.3636237070689246,0.36363636363636365,1.0,0.09523809523809523,0.34259100205592913,0.3333333333333333,1.0,0.09523809523809523,0.32441195656105876,0.3076923076923077,1.0,0.09523809523809523,0.308501509333573,0.35714285714285715,1.0,0.11904761904761904,0.3400437676095873,0.4,1.0,0.14285714285714285,0.36819242183614265,0.375,1.0,0.14285714285714285,0.35343996570403113,0.4117647058823529,1.0,0.16666666666666666,0.3778739043204161,0.3888888888888889,1.0,0.16666666666666666,0.3643574307355651,0.42105263157894735,1.0,0.19047619047619047,0.38594594058283926,0.4,1.0,0.19047619047619047,0.3734651083887593,False,rrf_llm_working3
1.0,1.0,0.0625,1.0,1.0,1.0,0.125,1.0,1.0,1.0,0.1875,1.0,0.75,1.0,0.1875,0.8318724637288826,0.8,1.0,0.25,0.8539316501572937,0.6666666666666666,1.0,0.25,0.7618870795651185,0.5714285714285714,1.0,0.25,0.6920788373899056,0.5,1.0,0.25,0.6368547259115425,0.4444444444444444,1.0,0.25,0.591793585310856,0.4,1.0,0.25,0.5541432109622958,0.36363636363636365,1.0,0.25,0.5220904859486463,0.3333333333333333,1.0,0.25,0.4943865864313146,0.3076923076923077,1.0,0.25,0.47013991014732326,0.2857142857142857,1.0,0.25,0.44869478095053006,0.26666666666666666,1.0,0.25,0.42955691449461514,0.3125,1.0,0.3125,0.4524129976068571,0.35294117647058826,1.0,0.375,0.491687895069074,0.3333333333333333,1.0,0.375,0.491687895069074,0.3157894736842105,1.0,0.375,0.491687895069074,0.3,1.0,0.375,0.491687895069074,False,rrf_llm_working3
1.0,1.0,0.04,1.0,1.0,1.0,0.08,1.0,1.0,1.0,0.12,1.0,0.75,1.0,0.12,0.8318724637288826,0.6,1.0,0.12,0.7227265726449519,0.5,1.0,0.12,0.644824486427155,0.5714285714285714,1.0,0.16,0.6773676006644395,0.625,1.0,0.2,0.703111904094716,0.5555555555555556,1.0,0.2,0.6533626864484469,0.5,1.0,0.2,0.6117952373568122,0.45454545454545453,1.0,0.2,0.5764078065993278,0.4166666666666667,1.0,0.2,0.5458216450338323,0.38461538461538464,1.0,0.2,0.5190523897604196,0.42857142857142855,1.0,0.24,0.5409905052359698,0.4666666666666667,1.0,0.28,0.5605683180070069,0.4375,1.0,0.28,0.5381078896277117,0.4117647058823529,1.0,0.28,0.5177724305106435,0.4444444444444444,1.0,0.32,0.5350216137179677,0.42105263157894735,1.0,0.32,0.5168505220781789,0.4,1.0,0.32,0.5001364594150537,False,rrf_llm_working3
0.0,0.0,0.0,0.0,0.5,1.0,0.047619047619047616,0.38685280723454163,0.6666666666666666,1.0,0.09523809523809523,0.5307212739772434,0.5,1.0,0.09523809523809523,0.44149241373678083,0.4,1.0,0.09523809523809523,0.38356636737133565,0.3333333333333333,1.0,0.09523809523809523,0.3422220729283414,0.2857142857142857,1.0,0.09523809523809523,0.3108658234453849,0.25,1.0,0.09523809523809523,0.2860604285087249,0.2222222222222222,1.0,0.09523809523809523,0.26582000527739175,0.2,1.0,0.09523809523809523,0.2489083270225946,0.18181818181818182,1.0,0.09523809523809523,0.2345109835167376,0.16666666666666666,1.0,0.09523809523809523,0.22206703194529032,0.15384615384615385,1.0,0.09523809523809523,0.2111759851719728,0.14285714285714285,1.0,0.09523809523809523,0.20154332862117302,0.13333333333333333,1.0,0.09523809523809523,0.19294704118484146,0.125,1.0,0.09523809523809523,0.18521618473020524,0.11764705882352941,1.0,0.09523809523809523,0.17821674052022296,0.1111111111111111,1.0,0.09523809523809523,0.1718419635428288,0.10526315789473684,1.0,0.09523809523809523,0.16600564593053876,0.1,1.0,0.09523809523809523,0.16063730702017212,False,rrf_llm_working3
1.0,1.0,0.03333333333333333,1.0,0.5,1.0,0.03333333333333333,0.6131471927654584,0.6666666666666666,1.0,0.06666666666666667,0.7039180890341347,0.5,1.0,0.06666666666666667,0.5855700749881525,0.4,1.0,0.06666666666666667,0.5087403079104241,0.3333333333333333,1.0,0.06666666666666667,0.4539036202482202,0.2857142857142857,1.0,0.06666666666666667,0.41231449937143627,0.25,1.0,0.06666666666666667,0.37941405415148566,0.2222222222222222,1.0,0.06666666666666667,0.35256832412172806,0.3,1.0,0.1,0.39375843764607193,0.36363636363636365,1.0,0.13333333333333333,0.4288246330005755,0.3333333333333333,1.0,0.13333333333333333,0.40606973732072366,0.3076923076923077,1.0,0.13333333333333333,0.3861544691080233,0.35714285714285715,1.0,0.16666666666666666,0.41415463763812643,0.3333333333333333,1.0,0.16666666666666666,0.39648998789465156,0.3125,1.0,0.16666666666666666,0.3806037262381301,0.29411764705882354,1.0,0.16666666666666666,0.36622045540358783,0.2777777777777778,1.0,0.16666666666666666,0.3531208233435307,0.3157894736842105,1.0,0.2,0.37509096529202424,0.3,1.0,0.2,0.3629611644493065,False,rrf_llm_working3
1.0,1.0,0.047619047619047616,1.0,0.5,1.0,0.047619047619047616,0.6131471927654584,0.3333333333333333,1.0,0.047619047619047616,0.46927872602275644,0.25,1.0,0.047619047619047616,0.3903800499921017,0.2,1.0,0.047619047619047616,0.3391602052736161,0.16666666666666666,1.0,0.047619047619047616,0.30260241349881345,0.14285714285714285,1.0,0.047619047619047616,0.27487633291429087,0.125,1.0,0.047619047619047616,0.2529427027676571,0.1111111111111111,1.0,0.047619047619047616,0.23504554941448536,0.2,1.0,0.09523809523809523,0.28371255449703187,0.18181818181818182,1.0,0.09523809523809523,0.26730206653594746,0.16666666666666666,1.0,0.09523809523809523,0.25311810840724985,0.15384615384615385,1.0,0.09523809523809523,0.24070419386222106,0.14285714285714285,1.0,0.09523809523809523,0.22972462709034727,0.13333333333333333,1.0,0.09523809523809523,0.21992634232854022,0.125,1.0,0.09523809523809523,0.2111144995933809,0.11764705882352941,1.0,0.09523809523809523,0.20313634064374775,0.1111111111111111,1.0,0.09523809523809523,0.195870194580096,0.10526315789473684,1.0,0.09523809523809523,0.18921779930491298,0.1,1.0,0.09523809523809523,0.18309881902054637,False,rrf_llm_working3
1.0,1.0,0.03571428571428571,1.0,1.0,1.0,0.07142857142857142,1.0,1.0,1.0,0.10714285714285714,1.0,0.75,1.0,0.10714285714285714,0.8318724637288826,0.8,1.0,0.14285714285714285,0.8539316501572937,0.6666666666666666,1.0,0.14285714285714285,0.7618870795651185,0.5714285714285714,1.0,0.14285714285714285,0.6920788373899056,0.5,1.0,0.14285714285714285,0.6368547259115425,0.4444444444444444,1.0,0.14285714285714285,0.591793585310856,0.4,1.0,0.14285714285714285,0.5541432109622958,0.45454545454545453,1.0,0.17857142857142858,0.5799324379559414,0.4166666666666667,1.0,0.17857142857142858,0.5491592474451438,0.46153846153846156,1.0,0.21428571428571427,0.5712702635666286,0.42857142857142855,1.0,0.21428571428571427,0.5452121384339772,0.4,1.0,0.21428571428571427,0.5219575842504204,0.375,1.0,0.21428571428571427,0.5010441816168809,0.35294117647058826,1.0,0.21428571428571427,0.4821093849571177,0.3333333333333333,1.0,0.21428571428571427,0.46486442918675025,0.3157894736842105,1.0,0.21428571428571427,0.4490761060120469,0.3,1.0,0.21428571428571427,0.43455375214807557,False,rrf_llm_working3
1.0,1.0,0.037037037037037035,1.0,1.0,1.0,0.07407407407407407,1.0,1.0,1.0,0.1111111111111111,1.0,0.75,1.0,0.1111111111111111,0.8318724637288826,0.8,1.0,0.14814814814814814,0.8539316501572937,0.8333333333333334,1.0,0.18518518518518517,0.8696762340896295,0.8571428571428571,1.0,0.2222222222222222,0.8816172070446371,0.875,1.0,0.25925925925925924,0.8910635073822442,0.8888888888888888,1.0,0.2962962962962963,0.8987713917876998,0.8,1.0,0.2962962962962963,0.8415908474314976,0.8181818181818182,1.0,0.3333333333333333,0.8507535420318812,0.75,1.0,0.3333333333333333,0.8056096612740472,0.6923076923076923,1.0,0.3333333333333333,0.7660993727583989,0.6428571428571429,1.0,0.3333333333333333,0.7311542432941979,0.6,1.0,0.3333333333333333,0.6999688298218208,0.5625,1.0,0.3333333333333333,0.6719230069222193,0.5882352941176471,1.0,0.37037037037037035,0.6843212571775716,0.6111111111111112,1.0,0.4074074074074074,0.6956130223401648,0.5789473684210527,1.0,0.4074074074074074,0.6719877188931965,0.55,1.0,0.4074074074074074,0.6502567843915331,False,rrf_llm_working3
0.0,0.0,0.0,0.0,0.0,0.0,0.0,0.0,0.0,0.0,0.0,0.0,0.0,0.0,0.0,0.0,0.2,1.0,0.041666666666666664,0.13120507751234178,0.16666666666666666,1.0,0.041666666666666664,0.11706259313796354,0.14285714285714285,1.0,0.041666666666666664,0.10633668103022985,0.125,1.0,0.041666666666666664,0.09785159463516042,0.1111111111111111,1.0,0.041666666666666664,0.09092803061897883,0.1,1.0,0.041666666666666664,0.08514311764162098,0.09090909090909091,1.0,0.041666666666666664,0.08021827351724287,0.08333333333333333,1.0,0.041666666666666664,0.07596161868673496,0.07692307692307693,1.0,0.041666666666666664,0.07223616005000244,0.07142857142857142,1.0,0.041666666666666664,0.06894115413470564,0.06666666666666667,1.0,0.041666666666666664,0.0660006550311689,0.0625,1.0,0.041666666666666664,0.06335619058732639,0.058823529411764705,1.0,0.041666666666666664,0.060961917527339995,0.05555555555555555,1.0,0.041666666666666664,0.05878132199396477,0.10526315789473684,1.0,0.08333333333333333,0.09074820036412398,0.1,1.0,0.08333333333333333,0.08781355863956289,False,rrf_llm_working3
0.0,0.0,0.0,0.0,0.5,1.0,0.03225806451612903,0.38685280723454163,0.3333333333333333,1.0,0.03225806451612903,0.2960819109658652,0.25,1.0,0.03225806451612903,0.24630238874073,0.4,1.0,0.06451612903225806,0.34519134224686937,0.3333333333333333,1.0,0.06451612903225806,0.3079834593168982,0.2857142857142857,1.0,0.06451612903225806,0.2797643380184693,0.25,1.0,0.06451612903225806,0.25744067176005675,0.3333333333333333,1.0,0.0967741935483871,0.30998102191020854,0.3,1.0,0.0967741935483871,0.29025978496956456,0.2727272727272727,1.0,0.0967741935483871,0.2734705924177072,0.3333333333333333,1.0,0.12903225806451613,0.31202271747218707,0.3076923076923077,1.0,0.12903225806451613,0.2967198875988881,0.2857142857142857,1.0,0.12903225806451613,0.2831852010354306,0.26666666666666666,1.0,0.12903225806451613,0.2711066995912495,0.25,1.0,0.12903225806451613,0.2602442009203199,0.23529411764705882,1.0,0.12903225806451613,0.2504093975095566,0.2222222222222222,1.0,0.12903225806451613,0.24145230370620577,0.21052631578947367,1.0,0.12903225806451613,0.23325179026003984,0.2,1.0,0.12903225806451613,0.22570882595574385,False,rrf_llm_working3
1.0,1.0,0.02857142857142857,1.0,0.5,1.0,0.02857142857142857,0.6131471927654584,0.6666666666666666,1.0,0.05714285714285714,0.7039180890341347,0.75,1.0,0.08571428571428572,0.75369761125927,0.6,1.0,0.08571428571428572,0.6548086577531307,0.5,1.0,0.08571428571428572,0.5842273861585908,0.5714285714285714,1.0,0.11428571428571428,0.6223227366315628,0.5,1.0,0.11428571428571428,0.5726647810251273,0.4444444444444444,1.0,0.11428571428571428,0.5321454488055233,0.4,1.0,0.11428571428571428,0.49828993591603105,0.36363636363636365,1.0,0.11428571428571428,0.46946787335705786,0.4166666666666667,1.0,0.14285714285714285,0.49761971508335595,0.38461538461538464,1.0,0.14285714285714285,0.4732144733650222,0.42857142857142855,1.0,0.17142857142857143,0.49724345587396906,0.4666666666666667,1.0,0.2,0.5186871811184178,0.5,1.0,0.22857142857142856,0.5379720599623758,0.5294117647058824,1.0,0.2571428571428571,0.555432406607876,0.5555555555555556,1.0,0.2857142857142857,0.5713345000418544,0.5263157894736842,1.0,0.2857142857142857,0.5519301034884355,0.5,1.0,0.2857142857142857,0.5340816271083042,False,rrf_llm_working3
0.0,0.0,0.0,0.0,0.5,1.0,0.037037037037037035,0.38685280723454163,0.6666666666666666,1.0,0.07407407407407407,0.5307212739772434,0.75,1.0,0.1111111111111111,0.6096199500078984,0.8,1.0,0.14814814814814814,0.6608397947263839,0.8333333333333334,1.0,0.18518518518518517,0.6973975865011866,0.8571428571428571,1.0,0.2222222222222222,0.7251236670857092,0.875,1.0,0.25925925925925924,0.7470572972323429,0.8888888888888888,1.0,0.2962962962962963,0.7649544505855146,0.9,1.0,0.3333333333333333,0.7799082337019199,0.9090909090909091,1.0,0.37037037037037035,0.7926387710853342,0.9166666666666666,1.0,0.4074074074074074,0.8036420642007107,0.8461538461538461,1.0,0.4074074074074074,0.764228274438475,0.8571428571428571,1.0,0.4444444444444444,0.7749828498456838,0.8,1.0,0.4444444444444444,0.7419280452978094,0.75,1.0,0.4444444444444444,0.7122010322135744,0.7058823529411765,1.0,0.4444444444444444,0.6852864761312747,0.7222222222222222,1.0,0.48148148148148145,0.6965437156059541,0.6842105263157895,1.0,0.48148148148148145,0.6728868027581922,0.65,1.0,0.48148148148148145,0.6511267934207359,False,rrf_llm_working3
0.0,0.0,0.0,0.0,0.0,0.0,0.0,0.0,0.0,0.0,0.0,0.0,0.0,0.0,0.0,0.0,0.0,0.0,0.0,0.0,0.0,0.0,0.0,0.0,0.0,0.0,0.0,0.0,0.0,0.0,0.0,0.0,0.0,0.0,0.0,0.0,0.0,0.0,0.0,0.0,0.0,0.0,0.0,0.0,0.0,0.0,0.0,0.0,0.0,0.0,0.0,0.0,0.0,0.0,0.0,0.0,0.0,0.0,0.0,0.0,0.0,0.0,0.0,0.0,0.0,0.0,0.0,0.0,0.0,0.0,0.0,0.0,0.0,0.0,0.0,0.0,0.0,0.0,0.0,0.0,False,rrf_llm_working3
1.0,1.0,0.03125,1.0,0.5,1.0,0.03125,0.6131471927654584,0.6666666666666666,1.0,0.0625,0.7039180890341347,0.5,1.0,0.0625,0.5855700749881525,0.6,1.0,0.09375,0.639945385422766,0.5,1.0,0.09375,0.5709662133861837,0.42857142857142855,1.0,0.09375,0.5186511804016661,0.375,1.0,0.09375,0.4772656487866461,0.4444444444444444,1.0,0.125,0.5142521154617875,0.4,1.0,0.125,0.48153499054313026,0.45454545454545453,1.0,0.15625,0.5115240187375963,0.5,1.0,0.1875,0.5374442181393045,0.46153846153846156,1.0,0.1875,0.5110858250607395,0.42857142857142855,1.0,0.1875,0.4877729743273425,0.4,1.0,0.1875,0.46696833286548806,0.375,1.0,0.1875,0.4482581980633406,0.35294117647058826,1.0,0.1875,0.4313182192295154,0.3333333333333333,1.0,0.1875,0.415890053245507,0.3157894736842105,1.0,0.1875,0.4017650607670078,0.3,1.0,0.1875,0.3887726652587019,False,rrf_llm_working3
1.0,1.0,0.03571428571428571,1.0,0.5,1.0,0.03571428571428571,0.6131471927654584,0.3333333333333333,1.0,0.03571428571428571,0.46927872602275644,0.5,1.0,0.07142857142857142,0.5585075862632192,0.6,1.0,0.10714285714285714,0.6164336326286644,0.5,1.0,0.10714285714285714,0.5499887725471476,0.42857142857142855,1.0,0.10714285714285714,0.49959580689988364,0.5,1.0,0.14285714285714285,0.5395253285830216,0.5555555555555556,1.0,0.17857142857142858,0.5721065642519195,0.5,1.0,0.17857142857142858,0.5357086937004182,0.5454545454545454,1.0,0.21428571428571427,0.5625642091568029,0.5,1.0,0.21428571428571427,0.5327126360253588,0.5384615384615384,1.0,0.25,0.555630259109914,0.5714285714285714,1.0,0.2857142857142857,0.5758998986339171,0.5333333333333333,1.0,0.2857142857142857,0.551336440755752,0.5,1.0,0.2857142857142857,0.529245908268086,0.47058823529411764,1.0,0.2857142857142857,0.5092453493877706,0.4444444444444444,1.0,0.2857142857142857,0.4910297456254863,0.42105263157894735,1.0,0.2857142857142857,0.4743527623469633,0.4,1.0,0.2857142857142857,0.45901300461117744,False,rrf_llm_working3
0.0,0.0,0.0,0.0,0.0,0.0,0.0,0.0,0.0,0.0,0.0,0.0,0.25,1.0,0.058823529411764705,0.16812753627111746,0.4,1.0,0.11764705882352941,0.27727342735504823,0.3333333333333333,1.0,0.11764705882352941,0.24738635904833417,0.42857142857142855,1.0,0.17647058823529413,0.3163449182903564,0.375,1.0,0.17647058823529413,0.291102321508802,0.4444444444444444,1.0,0.23529411764705882,0.3412609160238547,0.5,1.0,0.29411764705882354,0.38317041576387256,0.5454545454545454,1.0,0.35294117647058826,0.4188490429719385,0.5,1.0,0.35294117647058826,0.39662348607763703,0.46153846153846156,1.0,0.35294117647058826,0.3771714994390621,0.42857142857142855,1.0,0.35294117647058826,0.35996706441825244,0.4,1.0,0.35294117647058826,0.34461363955164187,0.375,1.0,0.35294117647058826,0.330805920276324,0.35294117647058826,1.0,0.35294117647058826,0.31830454202647623,0.3333333333333333,1.0,0.35294117647058826,0.31830454202647623,0.3157894736842105,1.0,0.35294117647058826,0.31830454202647623,0.35,1.0,0.4117647058823529,0.3541817921457391,False,rrf_llm_working3
